pinyin,counts,zi
a1,10,吖呵啊腌錒锕阿𠼞𥥩𨉚
a2,3,呵啊嗄
a3,2,啊阿
a4,3,呵啊阿
a5,4,呵啊嗄阿
ai1,22,㶼剴哀哎唉嗳噯埃娭挨捱欸溾諰銰鎄锿𠳳𡉓𡟓𢰇𤸖
ai2,31,㱯䔇䠹䶣凒厓呆啀嘊娾嵦挨捱敱敳溰獃癌皑皚磑隑騃𠊎𤸳𦩴𧪚𩂢𩪂𩮖𫘤
ai3,33,㗨㢊㾨䑂䨠乃佁唉嗳噫噯奇娾昹欸毐濭烠矮絠蔼藹謁譪躷霭靄鯦𣤃𦥂𦥈𧡋𩫇
ai4,89,㕌㗒㘷㝵㝶㤅㾢㿄䀳䅬䔽䝽䬵乂伌僾儗叆呃唉嗌嗳噯堨塧壒嫒嬡愛懓懝暧曖欬焥爱瑷璦皧瞹砹硋碍礙艾薆譺賹醷鑀閡阨阸隘靉餲馤鱫鴱𡁍𡰽𡶃𢟪𢟰𢣏𢣕𣋞𣎴𣜬𣝅𣩄𣩱𤢵𤻢𥡽𥤦𥴨𦗍𦗐𦤦𧏹𧓁𧰿𧵨𨶂𩂒𩈋𪇈𪕭
an1,58,㛺㞄㡋㫨㭺㸩䀂䅖䢿䤃䤶侒厂啽媕安峖广庵桉氨痷盒盦盫腤菴萻葊蓭裺誝諳谙鉗闇陰鞌鞍韽馣鮟鴳鵪鶕鹌黯𠽪𡯏𢰍𣚖𧩸𧫥𧫧𧮍𩽾𪁟𪘒
an2,9,䜙儑啽犴玵雸𡪁𡽜𣵱
an3,27,㜝㽢䅖侒俺匼唵垵埯揞晻碪罯銨铵闇隌𠉬𠪚𠿑𤃷𤜁𥦍𦺽𩅝𩈴𪒠
an4,52,㟁㱘䅁䎨䬓䮗䯥儑厈咹垾堓婩屽岸干按晻暗案桉洝犴胺荌豻貋遃錌闇頇頞鮟黯𠰑𡎑𡪙𡹼𣆛𣣚𣽥𤞿𤟉𥏮𥳬𧖮𧫧𨲊𩓤𩭢𩹎𪒠
ang1,6,肮腌醃骯𠵫𡕉
ang2,13,㭿䀚䒢䩕䭹仰卬岇昂昻𤭒𩑝𩔘
ang3,4,䇦䭺𦫫𨋕
ang4,11,㼜枊盎醠𠹃𡵙𢓋𣉗𣖮𩉰𩜟
ao1,22,㕭㩠䆟䫜凹坳柪梎棍泑熝熬爊眑軪鴢𤇯𤏶𧅃𧨲𩥊𪃨
ao2,55,㟼㠂㿰䚫䥝䦋䵅傲厫嗷嗸嚣囂墽嶅廒慠摮敖滶熬獒獓璈磝磽礉翱翶翺聱蔜螯謷謸遨鏕鏖隞鰲鳌鷔鼇𡊛𡏼𢧴𢳆𣊁𣷫𥂢𦪈𩘮𩮯𩱏𪉑
ao3,26,㑃㤇䉛䐿䯠䴈媪媼抝拗眑芺蝹袄襖郩镺鴁𢁱𥜌𦽀𨱧𩈏𩑤𩣻𪁾
ao4,52,㕭㘬㘭㜜㜩㠗㥿䐿䜒䫨䮯傲噢坳垇墺奡奥奧嫯岙岰嶅嶴慠懊扷抝拗擙敖柪澆澳燠謷軪鏊隩驁骜鷔鿫𡒃𢕟𢳆𤺾𥑑𩑍𩕀𩟇𩼈
ba1,53,㭭㸭㺴㿬䈈䰾䶕丷仈八叭吧哱哵夿岜峇巴巼扒捌捭朳柭玐疤笆粑羓芭蚆豝釛釟鈀魞鲃𠛋𠵺𡚭𢠭𢻷𤜱𤣸𤤒𥐙𦓧𧎱𧲧𨊹𩚥𩠀𩡩
ba2,38,㔜㧊䟦䮂䳊八叐坺墢妭抜抪拔湃炦犮癹胈茇茷菝萆詙跋軷颰魃鼥𢇷𥎱𥥛𦳺𧺡𧺺𩊤𩖣𩖽𩙥
ba3,7,㞎把鈀钯靶𢃳𢺞
ba4,47,㭛㶚䃻䆉䇑䎬䎱䥯䩗䩻䯲䰾䶕伯坝垻壩弝把杷欛灞爸皅矲罢罷耙覇跁霸靶鮁鮊鲅鲌𠐌𤜕𥝧𦫙𧿏𩃴𩨜𩹏𩽷
ba5,7,叭吧紦罢罷𣬶𣬷
bai1,10,㓦㧳䠋䪹挀掰擘𢛞𨃅𩑢
bai2,6,㿟䳆白𥬝𦣺𪡈
bai3,18,䙓伯佰捭摆擺柏栢瓸百竡粨絔罷襬𠫛𠮠𦣻
bai4,38,㔥㠔䒔䢙呗唄啡庍扒拜拝排敗派猈稗粺薜薭贁败鞁鞴韛𠟻𡏯𡭢𢈕𣧙𣺽𤁣𤙅𤽹𦩋𦳞𩋂𩎻𩏞
bai5,1,㗑
ban1,47,㢖㻞䃑䈲䰉卑彬扳搫搬攽斑斒朌班瘢癍籓般螌褩豳賁辬頒颁鳻𠔯𠚼𠦒𠺚𢲔𣪂𤡰𤦦𤫫𤳖𥹓𦎊𧇥𨭉𩔮𩭧𩿉𪄕𪉒𪒋
ban3,22,䉽䬳坂岅昄板版瓪粄舨般蝂覂鈑钣闆阪魬𠧫𡯘𧌿𧿨
ban4,36,㚘㪵䛀並伴分办半坢埿姅怑扮拌柈湴瓣秚絆绊跘辦辨辯鉡靽𠯘𢲔𢴬𥷁𦙹𦝤𨐦𨐱𨐾𩢔
ban5,1,螁
bang1,29,㙃㨍㿶䩷垹帮幇幚幫彭捠梆浜縍邦邫鞤𠲑𠳐𢁏𢸌𣮡𤚰𤱵𥀂𦰥𨢐𩋮𩍗
bang3,13,㮄搒榜牓紡綁绑膀螃騯髈𣮧𦾭
bang4,45,㭋䂜䎧䖫䧛䰷並傍嗙埲塝嫎徬搒旁棒棓榜玤硥磅稖縍膀艕蒡蚄蚌蛖蜯謗谤鎊镑𠨵𠬣𡽲𢄎𢜗𢪋𢮏𢶶𣘙𩦠𩮗
bao1,26,佨剥勹包孢枹炮煲笣胞苞苴葆蕔裒褒襃闁鮑齙龅𠅬𠣒𡶄𧵢𨚔
bao2,18,㵡㿺䈏䥤䨌䨔䪨嫑砲窇薄鉋雹𤿈𥭓𦡕𦢊𧭤
bao3,42,㙅㻄䎂䭋䭸䯽䳈䳰䴐保呆堡堢媬宝宲寚寳寶怉珤緥葆藵褓賲靌飹飽饱駂鳵鴇鸨𠤏𡧖𤞥𨰦𨰻𩛞𩬽𩭼
bao4,53,㙸㫧㲒䤖儤刨勽嘐嚗報忁怉报抱暴曓瀑爆菢虣蚫袌袍豹趵鉋鑤铇靤骲髱鮑鲍𠣺𠹕𡂟𡉩𢼌𣋳𣭀𤔣𤝧𥄹𧘑𧝘𧭤𨇅𨠖𩊅𩍂𩾡𩿓𪏶
bei1,47,㗗㽡䎱䚜䣙䥯䱝俾卑埤悲揹杯柸桮棓椑波盃碑箄背萆藣襬諀錍陂鞞鵯鹎𢃍𣝁𣬍𤵛𤷁𤷒𤿾𥏓𥶓𦈧𦈶𦩖𧼠𩔹
bei3,8,㤳䋳北悖鉳𡰯𧉥𧋲
bei4,104,㔗㔨㛝㣁㪍㫲㭭㰆㶔㷶㸢㸬㸽㻗㾱䔒䟛䟺䡶䩀䰽俻倍偝偹備僃北哱垻备孛怫悖惫愂憊拔昁杮梖棑棓焙牬犕狈狽珼琲碚禙糒背苝茀菩萯葡蓓蛽蜚被褙誖貝贝跋軰輩辈邶郥鄁鋇鐴鐾钡鞁鞴骳𠋭𠐡𠢥𡋭𡥞𢂏𢴾𢻵𣎵𣖾𣬪𤜲𤰈𤳦𤹲𤿒𦮷𦾙𧶙𨚍𩇩𩖠𩚾
bei5,3,呗唄臂
ben1,20,倴喯奔本栟泍渀犇蟦賁贲逩錛鐼锛𡗲𣳰𩣺𩧼𪑖
ben3,11,㡷㮺夲奙本楍畚翉苯𡗢𣄏
ben4,29,㤓㨧㮥䬱体倴坋坌夯奔捹撪桳泍渀炃燌獖笨軬輽逩𣴞𥢊𦯀𨋒𩰶𪊜𪎝
beng1,44,㔙㧍㱶䑫䨜伻傍傰嗙嘣奟崩嵭平抨搒旁榜痭祊絣綳繃绷閍𠜳𠡮𡡈𡶤𢆸𢉁𢏳𢐒𣂤𣨥𤙾𤡭𥛱𥞩𦅈𨕧𨸂𨹹𨻱
beng2,1,甭
beng3,24,㑟䋽䙀䩬䳞俸唪埄埲漨琣琫繃绷菶鞛𤫬𥀂𦂌𧑑𧚭𨓁𩊌𩑚
beng4,32,㷯㼞䨻䭰堋塴泵熢甏繃绷蚌跰蹦迸逬錋鏰镚𡎾𡾛𥖗𥦜𦝷𦺑𧩱𧻓𨆊𨹹𩂦𩗴𪔑
beng5,1,揼
bi1,40,㡙㯅䚜䫾䮠偪媲屄幅悂楅榌毴皀笓箄紕螕豍逼鈚錍鎞鰏鲾鵖𢞗𢟵𢡅𣚡𤝸𥏠𦀘𧓎𧤃𨲋𨻀𨻼𩧿𩭧
bi2,10,䨆䵄䵗嬶荸鼻𣴨𦤫𧼱𩾳
bi3,58,㚰㠲㪏㻶䃾䏢䘡䠋䣥佊俾匕卑吡啚夶妣娝崥彼捭朼枇柀比沘疕秕笔筆箄粃紕罷聛肥舭貏鄙鈚魮𠐌𠛡𠧅𠬈𡳄𢩒𢳋𣔓𤹦𤽊𦸣𧳠𨅗𨟵𩣚𪌄𪐄
bi4,308,㓖㘠㘩㙄㡀㢰㢶㢸㧙㪤㮿㯇㱸㳼㵒㵥㻫㿫㿰䀣䁹䄶䉾䊧䋔䌘䌟䎵䏟䏶䕗䖩䟆䟤䠋䧗䩛䪐䫁䫾䬛䮡䯗仳佖佛俾卑吡咇哔嗶坒埤堛壁奰妼婢嬖币幣幤庇庳廦弊弻弼彃必怭怶愊愎拂敝斃旇服枇枈柲梐椑檗殍比毕毖毙泌波湢滗滭潷濞煏熚狴獘獙珌璧畀畁畐畢疪痹痺皕睤瞥碧祕禆秘稫笓筚箄箅箆篦篳粊紕紴綼縪繴罼翍肶肸胇脾腷臂芘苾茀荜萆萞蓖蓽蔽薜蘗虑蜌袐被裨襅襞襣觱詖诐貱費賁贔贲赑跛跸踾蹕躃躄辟避邲鄨鄪鉍鏎鐴铋閇閈閉閟闭陂陛陴鞁鞞鞸韠飶饆馝馥駜驆髀髲魓鮅鮩鴓鶝鷝鷩鸊鼊𠈺𠋯𠓷𠡂𠦈𠨘𠩿𠮃𠽩𡚁𡛗𡠚𡻞𡽶𢁽𢅩𢍁𢐦𢖬𢘍𢲾𢴩𣁉𣁢𣋹𣕾𣘥𣝍𣢠𣥣𣦇𣦢𣩩𣭤𣮐𣯴𤂀𤅹𤐙𤗚𤙞𤜻𤠺𤡝𤢣𤵘𤷒𤹝𤻖𥆯𥈗𥛘𥟗𥢦𥳆𥴬𥷑𦂖𦑞𦔆𦠞𦤫𦭼𦯛𦰙𦱔𦳈𧏻𧒀𧓄𧝬𧥑𧫤𧲜𧳠𨋥𨋩𨐨𨚍𨚓𨠔𨳲𨵰𨸼𩉫𩊰𩏂𩑻𩪖𩪧𩯃𩲢𪋜𪍪𪏺
bian1,42,䟍便扁揙煸牑猵獱甂砭稹笾箯籩糄編编臱萹蝙边辺邉邊鍽鞕鞭鯾鯿鳊𠐈𠑟𢩟𢻶𣩀𤄺𦇭𨖾𨥧𨩫𪏗𪓍
bian3,40,㦚䁵匾封惼扁疺碥稨窆糄編緶萹藊褊覵豍貶贬辨辯釆鴘鶣𠓫𠪂𡈯𡬯𡬲𡬸𢴂𤀫𥣝𥣰𦟣𦽟𧸘𨖠𪖯
bian4,75,㝸㣐㭓㲢㳎㳒㴜㵷㺕㺹䉸䐔䒪䛒䡢䪻便卞变変峅弁徧忭抃拚揙昪汳汴玣編緶缏艑苄覍變辡辧辨辩辫辮辯遍邲釆閞頨𠭹𠯴𠷖𡊅𢬵𢭥𣈠𣝜𣪭𣸇𤀲𤺇𤻶𥍚𥿋𦉙𧩰𨐾𨖠𨚕𨧕𨳲𩩯𩰍𪉱
bian5,2,炞边
biao1,80,㟽㶾䁃䁭䅺䔸䙳䮽僄儦剽墂嫖幖彪摽杓标標淲滮漂瀌灬熛爂猋瘭磦穮篻脿膔膘臕苞蔈藨謤贆鏖鏢鑣镖镳颩颮颷飆飇飈飊飑飙飚驃驫骉骠髟麃𠔂𠚠𢅚𢒯𣄠𤂆𤆀𤐫𥲦𦔗𦔩𦠎𦾑𧥍𨭚𩙪𩪊𩴩𩽁
biao3,16,㟽㠒㯹䔸剽婊檦脿表裱褾諘錶𢅚𥘤𧝪
biao4,14,㧼䞄俵摽標脿蔈鰾鳔𠬪𢿏𧳀𧴎𧴕
bie1,34,㔡㭭䋢䘷䳤憋撇柭瘪癟蔽虌蟞鱉鳖鼈龞𡐞𡘴𡙀𢐳𢠳𣇢𣊶𤉤𤷗𥞲𥡁𧆊𧌽𨂅𩵛𩸁𪂟
bie2,38,㧙䇷䏟䟤䠥䭱別别咇徶扒拔捌柲癟秘穪苾莂蛂蟞襒蹩𠍯𡙪𡷘𢛎𤺓𤾵𧝬𧧸𧿥𨒜𩓝𩠻𩡟𩦉𪐆
bie3,3,㿜瘪癟
bie4,5,㢼䌘别彆𢆣
bin1,56,㻞䚔䧬䨈份傧儐宾彬攽斌梹椕槟檳汃浜滨濒濱濵瀕玢瑸璸砏繽缤虨訜豩豳賓賔贇邠鑌镔霦頻顮𠴇𡦻𡧍𡧼𢲰𣉮𣢏𣰨𥃰𧷟𨐰𨽗𩆱𩴱𪇕
bin3,1,䐔
bin4,15,儐摈擯殡殯膑臏髌髕髩鬂鬓鬢𡦆𧸈
bin5,1,氞
bing1,24,䔊仌仒兵冫冰屏并幷掤栟梹槟檳氷絣鋲𡲍𢎴𣅍𥲂𨹗𩋒𪑰
bing3,49,㨀䴵丙偋寎屏庰怲抦摒昞昺枋柄棅炳琕癛眪禀秉稟窉綆苪蛃跰邴鈵鉼陃鞆鞞鞸餅餠饼𠒝𠛥𠱛𡇤𡖛𡚛𡹾𣦪𦼹𩊖𩏂𩶁
bing4,37,㓈䗒丙並併倂偋傡垪寎屏平并幷庰拼摒栤燹病痭竝誁靐鮩𠊧𢆩𢊜𢔧𣰜𥖬𦡻𦿅𨆱𨋲𩬝𩮟
bo1,65,㞈䃗䝛䭦僠剝剥哱啵妭嶓帗拔拨撥播波溊潑潘玻番癶癷發皪盋砵碆磻紴缽脖般菠蕃袚袰趵蹳鉢钵餑饽驋鮁鱍鲅𠱀𠺣𡀖𢂍𤗳𤜧𥮯𦲱𧘟𧙄𧲯𨭂𩜥𩧯𩬸𩯌𬭛
bo2,202,㗘㟑㩧㩭㪍㬍㬥㬧㴾㵨㶿㹀㼎㼟㼣䂍䄶䊿䌟䍸䑈䗚䙏䞳䟔䟛䟮䢌䢪䥬䪇䪬䬪䭯䮀䮡䯋䰊䳁䵗䶈亳仢伯佛侼僰勃募博哱嚗壆孛帛彴怕愽懪拍挬搏暴服柏柭桲榑欂殕泊浡淿渤溥瀑煿爆牔犦犻狛猼瓝瓟白百礡礴秡穛箔簙簿肑胉脖膊舶艊艴苩茀茷菩葧蒲蔔薄薜袯袹襏襮詙豰跑踣郣鈸鉑鋍鎛鑮钹铂镈餺馎馛馞駁駮驳髆髉魄鮊鲌鵓鹁𠧛𠮭𠷺𠸳𡋯𢐾𢠺𢣞𢩞𢫯𢺽𣋵𣛓𣧧𣭷𣽡𤃵𤒔𤕝𤗺𤚽𤶋𤾝𥜖𥭖𥴮𥹸𦃙𦈞𦋉𦢊𦤚𦤣𦯉𦰬𦼭𦽮𧇚𧟱𧿲𨈩𨍭𨏫𩃶𩄿𩌏𩍿𩏯𩓐𩗀𩗒𩗓𩙦𩟕𩣡𩱚𩷚𩽛𪌰𪍡𪙍
bo3,11,㝿播箥簸蚾跛𤿑𥸥𥸨𪓜𪚷
bo4,20,孹擗擘柏檗檘簸糪蔢薄薜蘖蘗襎譒𠴸𡅂𡯳𡯷𩈔
bo5,5,卜啵噃萡蔔
bu1,19,哺峬庯晡秿誧逋鈽钸陠餔鯆鵏𠚉𥪀𧻷𩶉𩺼𬷕
bu2,7,不僕輹轐醭鳪𥻞
bu3,31,㙛㨐䀯䋠䪁䪔卜卟哺喸堡拊捕捬撲补補鵏鸔𡡐𢼹𣱶𤣰𥃨𥣌𥸨𨴪𩏮𩏵𩯏𪇰
bu4,76,㘵㚴㱛㳍㻉㾟䊇䍌䏽䑰䒀䝵䬏䳝䴺不佈勏吥咘埔埗埠婄尃布廍怖悑抪捗柨步歨歩溥瓿箁篰簿荹蔀薄踄部郶鈈钚附陠鞴餔餢𠘁𠜙𢁻𢇴𤚵𤸵𥑢𥳖𥹴𧉩𨋞𨛒𩅇𩊬𩊶𩌏𩏵𩢕𩣝𩷖𩻗𫐓𫗦
ca1,12,䃰䌨傪嚓拆擦攃蔡𤄖𨆾𨺭𪊗
ca3,2,礤礸
ca4,7,䟃䵽囃磣遪𥗭𥩝
cai1,9,㥒䞗䟀䠕偲啋婇揌猜
cai2,13,㒲䴭才扐材纔裁財财𢎂𦬁𧵤𨙴
cai3,22,㥒䌽䐆䣋倸啋埰婇寀彩採毝睬綵跴踩采𤚀𤝭𤟖𤷕𧀊
cai4,15,䌨䰂埰寀棌縩菜蔡采𡣮𤁱𨯓𩁞𩧇𪇭
can1,29,㜗䉔䟃䱗傪参參叄叅喰囋嬠嵾湌爘飡飱餐驂骖鰺𠫭𡡖𥢽𦪜𦪫𩛳𩝖𩟒
can2,40,㜞㥇㨻㱚䍼䏼䗝䗞䘉䙁䝳䣟䳻惭慙慚戔摲残殘淺蚕蝅蠶蠺蹔𠠋𠡡𢦸𢧮𢾃𣦼𥂥𦺐𧅀𧓩𨅔𨞷𩀧𩈻
can3,20,㦧㿊䅟䣟噆惨慘憯朁穇篸縿黪黲𡆮𥠩𥮾𨲱𩈼
can4,28,㛑㣓㻮㽩䛹傪儏參嘇孱掺摻澯灿燦璨粲薒謲鏒𡛝𣶡𣻬𤅒𥹛𩞀𩯞𪆶
cang1,26,仓仺伧倉傖凔嵢沧滄濸獊瑲篬舱艙苍蒼螥鶬鸧𠥐𤚬𦾝𩀞𩕹𩝞
cang2,12,㵴㶓匨欌臧蔵藏鑶𡽴𡾻𡿄𨤃
cang3,1,蒼
cang4,3,䅮䢢賶
cao1,9,㿷䎭撡操澡糙造𠀊𤒕
cao2,31,㜖㯥䄚䏆䐬傮嘈嶆慒曹曺槽漕艚蓸螬褿鏪鐰𡮦𣈅𣉿𤡐𤵥𥕢𥲍𦋿𨎝𩞄𩠎𩫥
cao3,9,䒑屮愺慅懆艸草騲𠹊
cao4,8,䒃慥漕肏襙造鄵鼜
cao5,1,艹
ce4,54,㥽㨲㩍䇲䈟䊂䔴䜺侧側冊册厕厠墄嫧幘廁恻惻憡拺敇栅测測畟笧策筞筴箣簎粣荝萗萴蓛赦齰𡍫𢷾𢿸𣌧𥠉𥬰𥰡𥳯𦔎𦣧𦵪𧵡𨶨𩒄
cei4,1,𤭢
cen1,6,参參嵾穇篸
cen2,21,㞤㞥䅾䤁䨙䫈䲋岑梣汵涔硶笒𣡎𦊃𨁊𨥣𨱼𩅨𩅮𩻛
ceng1,3,噌曽𡃆
ceng2,21,㬝䁬䉕僧增层層嶒曾橧竲繒蹭鄫驓𡪠𡾓𢅋𤛢𦠇𧲅
ceng4,3,㣒蹭𠟂
cha1,54,㛼㮑䛽偛叉喳嗏嚓差扠扱挿捷接插揷杈疀碴肞臿艖芆荖訍釵銟鍤鎈锸餷馇𠝞𠞊𡋨𡵌𢔣𢘹𢭅𣆗𤜫𤜯𤳵𤵾𦑈𦝥𦦘𦦜𦦱𨀸𨙳𨪺𩝟𪘾
cha2,56,㜘㡸㢉㢒㪯㫅䁟䅊䕓䠡䤩叉垞察嵖捈搽摖斜查梌楂槎檫猹碴秅苴茬茶荼褨詧鉏靫𠞊𠽹𡝐𡝙𡨀𢣼𣘤𣘻𣱱𤶠𥌀𥥸𥻗𦉆𦑣𦛝𦳘𨃓𨼑𩟔𪒼
cha3,11,䂳叉土衩蹅鑔镲𡌚𥑥𥫢𨩨
cha4,38,㣾㤞㲼㳗䒲䓭䟕䡨䶪仛侘刹叉奼姹岎岔差杈汊紁衩訍詫诧𣃍𣍏𤞠𤳅𥃀𧠈𧩫𧫗𧶵𨆇𩴳𪑂𪑨
chai1,14,㼮䐤䞗差扠拆搓芆釵钗𠞊𢹓𥐟𩑐
chai2,19,㑪㾹䓱侪儕喍查柴犲祡茈豺齜𡟭𡺵𤝔𤞗𤠌𨌅
chai3,2,䜺茝
chai4,21,㦅㳗䘍囆差瘥蔕虿蠆袃訍𦏱𦐰𦑏𧀱𧒨𧓽𧔴𧕧𧪘𧸿
chan1,44,㚲㢟㤐㰫㺗䦓䩥䪜佔兔嘽嚵幨掺搀摻攙梴沾緂脠苫袩裧襜襝覘觇辿鉆鋓𠣄𡖞𡖤𡝫𡮿𢌚𤎥𤴿𥭔𨊝𨵍𩖌𩬑
chan2,102,㙻㢆㶣㺥䂁䜛䡲䣑䤫䧯䫮亶僝僤儃儳劖单厘單嚵壥婵嬋嬗孱嶄巉廛撣棎欃毚湹漸潹潺澶瀍瀺煘獑磛禅禪緾繟繵纏纒缠艬蝉螹蟬蟺蟾襢誗讒谗蹍躔辿鄽酁鋋鑱镡镵饞馋𡎻𢥋𢽝𣔵𣔻𣤱𤸦𦝟𧐲𧓋𧕃𧥓𧨗𧴃𧾍𧾡𨬖𨮻𨷭𨽊𩮏𩽝𪏁𪏂𪏋𪏦𪓄𪖎𪗂𪚃
chan3,86,㦃㯆㹌㹽䊲䐮䑎䤘䥀䩶䵐丳产僤冁刬剗剷啴單嘽囅墠嵼幝憚摌斺旵榐浐滻灛燀產産簅繟蒇蕆諂譂讇谄辴醦鏟铲閳闡阐骣𠁷𠋷𠐩𠑆𠑑𠑡𠹖𡍌𡶴𢁧𢱟𢷹𣃘𤚍𤯥𥧑𦆀𦈎𦢙𦸰𧈪𧬦𨄉𨇝𨔢𨩪𨪑𨲵𨷭𨼒𩝚𩥮𪙞𬊤
chan4,41,㙴㨻㬄㸥䀡䊲䠨䦲䪜䱿䴼儳刬剗幝幨忏懴懺摲燀硟羼裧襜讖韂顫颤𠟉𢺟𤗻𤪮𤮭𤼋𥊓𧠛𨇦𨳂𩍲𩟶
chang1,29,䅛䗉䮖伥倀倡娼昌晿椙淐猖琩菖裮錩锠閶闛阊鯧鲳鼚𥫅𨷇𩲹𩳤𪂇𪉨
chang2,48,㙊㦂䗅䠆䯴仧仩倘偿償兏嘗嚐场場塲嫦尚尝常徜棖瑺瓺甞肠脹腸膓苌萇裳鋿鏛長镸长鱨鲿𠙁𢁝𥋤𦰱𦼳𨣛𨱮𪁺𪄹
chang3,23,㫤䠀僘儻厂厰场場塲廠惝敞昶氅淌鋹𡭿𤢄𤿼𥗊𨎖𪁺𬬮
chang4,24,䩨倡唱怅悵昌暢淌焻玚瑒畅畼誯韔鬯𠚊𢗺𢢌𤽣𥇔𥟚𥠴𧀄
chang5,1,蟐
chao1,31,䜈䟁䫸䫿䰫䳂剿劋勦吵嘮弨怊抄摷樔欩焯紹綽绰訬超鈔钞𠰉𢁾𤙴𦾱𨴡𩖥
chao2,31,䄻䰫䲃勦嘲巢巣晁朝樔漅潮濤牊窲罺謿轈鄛鼂鼌𡏮𡡊𡻝𡼼𣰩𥕘𥧇𥲀𦸛𨄓
chao3,29,㥮㶤㷅䎐䏚吵巐抄槱炒焣煼眧粆訬謅超趫鈔麨𦙧𧧠𩈎𩱈𩱦𪌬𪍇𪍑𪎊
chao4,21,䮓仦仯吵巢抄晁縐耖觘超趠𡯴𤰬𥿷𦨖𨌬𨗡𨢪𨨚𪍈
che1,12,伡俥唓砗硨莗蛼車车𡷖𤥭𩒷
che2,1,𧙝
che3,12,㨋㵔䋲䞣䰩偖奲尺扯撦𦓍𩴟
che4,64,㒤㔭㤴㥉㬚㱌㳧㾝㿭䁤䊞䒆䚢䛸䜠䞣䧪勶呫喢坼宅屮彻徹拆掣揊摰撤斥池澈烢烲爡瞮硩聅詀謵迠頙𢇛𢊏𢛁𣨊𤊿𤕛𤖷𤗙𤹞𥯥𥿊𦈈𦛖𧼳𨀠𨅊𨹡𩂻𩎚𩗙𪎺
chen1,37,㥲㲀䀼䏹䐜䑣䠳侲嗔抻捵棽琛瘨瞋綝縝肜胂諃謓賝郴𣞟𤝚𤟸𤡳𥞁𦁄𦁟𧡬𨻖𨼌𩂉𩅌𩇖𬘭
chen2,68,㕴㫳㴴㽸䆣䒞䜟䟢䢅䢈䢻䣅䤟填塵宸尘帘忱愖揨敐晨曟枕桭棧樄橙沈沉湛煁瘎臣茞莀莐蔯薼螴訦諶谌趁跈軙辰迧鈂陈陳霃鷐麎𢆺𣀍𤘣𤹛𥉜𥫹𦁟𧨡𨑌𨼤𪁏𪁧𪕁
chen3,20,䫈䫖堪墋夦湛眈硶碜磣謲贂趻踸醦鍖𥔪𧿒𨣔𩞀
chen4,28,㧱䞋儭嚫榇櫬瀋疢疹称稱衬襯讖谶趁趂闖齓齔龀𠋆𡫁𢎕𥗒𧆂𧭼𨼐
chen5,2,伧傖
cheng1,70,㓌㛵䁎䕝䗀䞓䟓䟫偁僜净噌憆搶摚撐撑朾柽棦棱槍樘橕橖檉泟浾湞爯牚琤瑲睖瞠矃秤称稱穪竀緽罉虰蛏蟶赪赬蹚鎗鏳鏿鐣鐺铛阷靗頳饓𠏧𡽊𣥺𦓬𧯒𨎋𨭃𩁷𩇜𩞦𩠏
cheng2,111,㞼㨃㲂㼩䁎䄇䆑䆵䇸䔲䚘䧕䫆䮪丞乗乘倀傖呈嗆城埕埩堘塍塖娍宬峸嵊徵惩憕懲成承挰掁搶撜晟朾枨棖椉橙檙氶洆浧淨溗澂澄瀓珵珹畻盛盯碀程窚筬絾脀脭荿裎觕誠诚趟郕郢酲醒鋮铖騬鯎𠓷𠕠𠳽𡝚𢐞𢻓𢾊𢿦𢿧𣀏𤆁𤗓𤿣𥢲𥥱𦦢𧶔𧹓𨁎𨅝𨌤𨞐𨹚𩙆𩤙𩨆𩫹𩯎𪁋
cheng3,15,侱呈庱徎悜睈裎踜逞騁骋𢜻𢜼𢟊𣥻
cheng4,19,㐼敞爯牚秤称稱竀黨𡤿𢔤𤕀𧡈𧶸𧷒𨋬𨌤𩇜𩛦
chi1,70,㰞㷰㺈䄜䇪䜉䧝侙吃哧喫嗤噄噭妛媸彨彲抬摛摴攡樆瓻痴癡眵瞝离笞粚絺胝胵脪蚩蚳螭訵誺郗離魑鴟鵄鸱黐齝𡼁𢣕𢱟𣣷𤡢𥄇𥭘𦆤𦇲𦐉𦑡𦞲𧩚𧩴𧪡𧴁𨒬𩤖𩶅𪌹𪏸𫄨
chi2,99,㓾㙜㞴㢮㮛㾹䙙䜄䞾䪧䮈䶔䶵俿匙坻墀她岻弛徲持提柢歭汖池沱沶治泜漦狋祇穉竾筂箈箎篪耛芪茌茬荎莉菭蚳蛇蝭謘謻貾赿趍跢踟踶軧迟迡遅遟遲邌鍉馳驪驰鶗𠩺𡂙𡉪𡌞𡎍𢓎𢔊𣉄𣲋𣲑𣹡𤈔𦏸𦐁𦑡𦱰𦳚𦵟𧋗𧎨𧛺𧭟𧺏𨘾𨨲𩉬𩚉𪌫𪏐
chi3,65,㘜㢁㢋㱀㶴䊼䏧䑛䜵䜻侈卶叺呎哆垑奓尺恥扡拖拸搋欼歯移紕耻肔胣蚇袲袳裭褫誀誃豉鉹齒齣齿𠛔𠝨𠞄𠭋𡖳𡳭𢇕𢇛𣆚𣤌𤟆𤵬𥚚𦙆𧀤𧉀𧛧𧰲𨑠𨖎𨾛𩒐𩳲
chi4,134,㑜㒆㓼㔑㞿㡿㥡㩽㽚䀸䟷䠠䤲䮻䰡䳵佁傺剟勅勑卙叱呬呹哆啻喜嘯彳恜慗慸憏懘抶拆捇敕斥杘柅湁滯灻炽烾熾痓痸瘈瘛眙硳翄翅翤翨腟訵誃赤趐趩跅跮踅迣遫鉓銐雴飭飾饎饬騺鳷鵣鶒鷘𠞩𠧚𠧵𠮟𠻟𡚨𡣀𢂝𢜳𢨒𢴨𣐃𣙰𣚩𣤩𤆍𤡏𤰠𤸪𥛚𥱻𦂋𦎚𦏿𦔫𦘪𦤸𦥊𧠫𧤍𧩴𧩼𧺠𧺧𧺿𧼪𨂰𨔤𨧳𨨬𩈕𩥲𩷧𩾕𩿪𪀦𪅍𪅙𪆵𪉄𪉅𪉗𫛶
chi5,1,麶
chong1,57,㤝㳘䂌䆔䆹䘪䝑䡴偅傭充冲嘃徸忡憃憧摏樁橦沖浺涌潼珫盅祌罿翀舂艟茺衝褈蹖𠝤𠟍𢥞𥁵𥫯𥭥𦟛𧐍𧘂𧝎𧩃𨈮𨤩𨳁𩥫𩬤𩰀𪄻𪅈𪅖𪎽𪒒
chong2,33,㓽㹐䌬䖝䳯崇崈漴烛爞痋种種緟茧虫蝩蟲褈酮重隀𡿂𢖄𢝈𣐯𧝎𨛱𩅃𩌨𩜖𩞉𩞋
chong3,12,䳯喠埫宠寵衝𠖥𢛒𦑝𧼙𨿿𩒘
chong4,18,㧤㮔僮冲揰衝蹱銃铳𠑙𢡹𣑁𥅻𥬱𧼩𨖼𩅞𩩳
chou1,33,㨨㮲䀺䌷䛣妯婤抽掫揄搊牰犨犫瘳眣篘紬謅跾醔𠌪𢭆𥃧𥬠𥰞𥵬𥺣𥻤𨁀𨡑𨡲
chou2,88,㐜㤽㦞㵞㾄㿒㿧䊭䌧䌷䓓䱔䲖仇俦儔嚋圳嬦帱幬怞惆愁懤擣栦椆檮燽畤畴疇皗盩稠筹籌紬絒綢绸菗薵裯詶譸讎讐踌躊酧酬醻雔雠魗鮋鯈𠝽𠷎𠹝𠼡𠾉𡕐𡕪𣀓𣕾𣪐𣫐𤳝𤳠𤽯𤾊𤾦𥏈𥡀𥲅𦡴𦭸𧮻𨞪𨡑𨤷𩽀𩾂𪇘
chou3,23,䪮丑丒侴偢吜媿扭杻杽瞅矁醜鈕魗𠜋𢣊𤘶𥄨𧃝𨀔𩋄𩌄
chou4,9,䔏殠溴簉臭臰遚𥦅𨖬
chu1,22,㗙䝙䢺出初嘔岀摢摴樗櫖貙踰齣𠁉𠰕𠿝𤙟𧲰𩙙𩨸𪁲
chu2,63,㕏㕑㛀㡡㶆㾻䅳䅷䊰䎝䟞䠂䠧儲刍助厨媰幮廚懨橱櫉櫥涂滁犓篨耝耡芻著蒢蒭蕏藸蜍蟵蠩諸豠趎跦蹰躇躕鉏鋤锄除雏雛鶵𢅥𢊍𣦠𣦡𦷝𦿀𨅒𩿿𪀩𪆷
chu3,31,䖏䙘䶥储儲処处憷杵柠椘楚楮檚濋璴础礎處褚鸀齭齼𠧖𢕓𤻇𧎷𨼪𩂫𪓐𬺓
chu4,88,㔘㙇㤕㾥䇍䎌䐍䐢䖏䜴䟣䦌亍俶傗儊処嘼埱处怵慉憷拀搐敊斶柷欪歜淑滀炪珿琡畜矗硫祝竌竐絀絮绌臅菆蓫處觕触觸詘諔豖踀鄐閦鸀黜𠇘𡐌𡝈𡳑𢒔𢣿𢨫𣢶𣥹𤏱𤝞𥁯𥒭𥹵𦺵𧃏𧢶𧯩𧰫𧺶𧽧𨁿𨃕𨕢𨞕𨴰𩈤𩹱𪇆
chu5,2,榋橻
chua1,7,㔍䊬䵵撮欻歘𤁫
chua3,4,𠹐𠻦𣛕𣹶
chua4,2,䔴䫄
chuai1,3,揣搋𢲽
chuai2,4,㪓腄膗𢶀
chuai3,5,㪜揣𣛹𣲂𧍒
chuai4,16,䦟䦤䦷䴝啐啜嘬揣欼膪踹𠽶𣤌𨣅
chuan1,13,剶巛川氚猭瑏穿釧𠛖𠯀𠾮𨩴𩂍
chuan2,25,㯌㼷䁣传傳圌團掾暷椯椽歂甎篅舡舩船輲遄𣛹𤜼𤮍𤰌𨔡𨘼
chuan3,14,㱛僢喘惴歂膞舛荈踳踹𣧒𥬫𧍒
chuan4,20,串丳汌猭玔穿賗釧钏鶨𣀔𤶱𥃹𥲏𦎇𦎜𦺛𧑝𨂦𨔡
chuang1,23,䄝䆫刅创創囱戧摐牎牕疮瘡窓窗窻舂葱𡆪𥎒𥡟𥲡𧜧𧢆
chuang2,21,㡖䃥䚒䭚噇幢床朣橦漴牀𠳹𣃘𦔛𧝎𧬧𨧖𩃕𩞆𩪘𪁱
chuang3,12,㼽䇬傸愴摤漺磢闖闯𠏨𠞮𡻯
chuang4,12,䎫倉凔创刱剏剙創怆愴𥈄𨜾
chui1,5,䜅吹炊龡𤙵
chui2,31,㝽䅜䍋倕圌垂埀捶搥棰椎槌箠腄菙郵錘鎚锤陲顀鬌魋𠄒𡍮𢏒𣇦𦉈𩌝𩗰𩭦
chui3,2,㷃䞼
chui4,6,䕓吹惙𣟈𥙋𥞃
chun1,33,䞺䡅䲠堾媋旾春暙杶椿楯槆橁櫄瑃箺芚萅蝽踳輇輴鰆鶞𡉐𣌚𣚆𤪪𧇶𨉩𨋮𪂹
chun2,44,㝄㝇㵮㸪䐇䓐䔚䣨䣩䥎䫃唇沌浱淳湻滣漘犉純纯肫脣膞莼蒓蓴醇醕錞陙鯙鶉鹑𠵧𠸸𡗥𣌠𣘣𣮢𤘛𦎧𬭚
chun3,20,㖺㿤䏛䐏䞐䦮䮞偆僢惷春朐睶萶蠢賰踳𢾎𦚧𩨁
chuo1,7,㪬戳跿踔逴𨮸𨰆
chuo4,70,㚟㪕㲋䄌䋘䍳䓎促吷啜嚽娕娖婥婼孎惙拺擉斫歠涰淖焯磭箹簇綴綽繛绰腏荃蔟趠趵踔踱躇輟辍辵辶逴酫醛鋜錣鏃鑡齪齱龊𠽶𡁇𢽸𢿭𣀔𣤌𣬋𤿫𥁯𥓑𦁶𧣺𨆬𨒢𩟫𩩟𪘛
ci1,31,䖪偨刺呰呲啙姕嵯差柴玼疵縒蠀趀跐骴髊齹𡃸𡰾𢫴𣜁𥰭𦍧𦑺𦒁𧠥𨒮𩨨𪘲
ci2,70,㓨㘂㘹㞖㤵䂣䈘䛐䧳䨏䭣䲿䳄兹司呲垐堲嬨慈枱柌次滋澬濨珁瓷甆磁礠祠粢糍胔茈茨茲薋薺詞词辝辞辤辭鈶雌飺餈鴜鶿鷀鹚𠤫𠯂𡥎𢶴𣐑𣙼𤴼𥴺𥿆𧙈𨐕𨠐𩆂𩉋𩝐𪉈
ci3,18,㠿佌姕此泚玼皉茈跐鮆𢓗𦐨𦐾𦼡𧺼𨒤𩢑𫚖
ci4,48,㐸㞖㢀㩞㾊䓧䗹䯸䰍䳐伺佽刺刾庛廁措朿栜栨次絘茦莿蚝蛓螅螆賜赐趑𠦐𠩆𢅜𣢕𥿴𦖝𧊒𧌐𧑖𧠎𧧒𨋰𨲁𨾅𩾔𪉪𪑟
cong1,77,㜡㞱㥖䈡䐋䐫䓗䗓䡯䢨䰌从偬匆囪囱從忩怱悤暰枞棇楤樅樬漗焧熜瑽璁瞛窗篵総緫總繱聡聦聪聰苁茐葱蓯蔥蟌鍯鏓鏦騘驄骢𡟟𡹸𢊕𢐔𢔩𤧚𥍷𥎋𥡬𦇎𦗜𦝰𨂴𨍉𨑪𨑹𨡮𨦱𨱸𨲧𩬼𪻐𫓩
cong2,50,㗰㼻䉘䕺䳷丛从叢婃孮従徖從悰慒樷欉淙漎潀潨灇爜琮碂縱菆藂誴賨賩𠂥𠕁𠙂𠢛𠤰𡅇𡦷𡵷𢃏𣃗𣊷𤄓𥵫𦇱𧐱𧓏𨒀𨽁𩯍
cong3,1,𧝮
cong4,6,憁藂謥𥣙𥮨𧩪
cou1,2,楱𢈾
cou2,1,𧡣
cou3,3,㔌趣趨
cou4,23,凑奏揍族湊簇腠蔟藪輳辏𣉅𣙘𣞜𤆑𦦅𦳿𦺀𧱪𨓭𨨯𩹀𪉮
cu1,14,怚粗蔍觕麁麄麆麤𡘛𡝉𤿚𥅗𧆓𧺲
cu2,7,䓚䢐䣯且徂殂𦯣
cu3,3,皻蔖𤛏
cu4,66,㗤䃚䙯䛤䟟䠓䠞䥄䥘促卒噈娕娖媨憱戚捽猝瘄瘯簇縐縬脨蔟誎趗趣趥趨踀踓踤踧蹙蹴蹵酢醋錯顣鼀𠑯𠛙𠱙𠴫𡄱𡞜𢄧𢈠𢪃𤗁𤠽𥪱𥷼𥻒𥾛𦈚𦟠𦠁𧼜𪓡𪓰𪕝𪚯
cuan1,11,䂎撺攛汆竄蹿躥鋑鑹镩𥍬
cuan2,15,㠝㭫僔巑攒攢櫕欑灒穳菆襸蹲𢖑𨣵
cuan4,18,㸑殩熶爨窜窾竄篡簒鑹𢸥𤐲𥎢𥎣𥎤𥤳𥨒𨼉
cui1,28,㜠䄟䙑催凗墔崔嶉慛摧榱槯漼獕磪縗缞衰鏙隹𢕘𤗯𤛍𥼂𧼬𧽠𨄍𨻵
cui3,18,㵏䊫䧽洒漼熣璀皠繀趡𢶓𣯧𣿒𣿓𥼺𧳚𨿐𩮴
cui4,71,㓹㝮㯔㯜㱖㳃㷪䃀䆊䔴䘹伜体倅卒啐啛察崒忰悴椊毳淬濢焠琗疩瘁竁粋粹紣綷翆翠脃脆脺膬膵臎萃襊踤顇𠗚𠞿𠟓𠩪𠽶𢂕𢄸𢡈𣃍𣰚𤎋𥨒𥳈𥻮𥼛𦙈𦦣𧎃𧑎𧚥𧜱𧹺𨅎𨊉𩤏
cui5,1,乼
cun1,12,䞭墫村澊皴竴膥踆邨𧚉𨙯𨙲
cun2,12,侟存拵洊浚澊踆蹲𤿄𧽾𨀛𨚲
cun3,4,刌寸忖蹲
cun4,4,䍎吋寸籿
cuo1,21,差搓撮最營玼瑳磋襊蹉遳醝髊𢤎𢫬𣨎𤠝𥭭𥰭𩯉𪒙
cuo2,32,㟇㭫㽨㿷䐤䑘䠡䣜䰈䴾嵯嵳澨痤瘥睉矬蒫蔖虘躦酂酇鹺鹾齹𠦏𣖵𣩈𨇃𩄝𪘓
cuo3,5,䂳搓脞醝𧪘
cuo4,29,㟇䟶䱜剉剒厝夎挫措摧斮昔棤縒莝莡蓌諎逪銼錯锉错𢒐𢚂𢯽𥕉𧚏𨛏
da1,34,㗳㙮㿴䌋䐛䪏䪚咑嗒噠塌塔搭撘毼矺笚答耷荅褡鎝𠞈𠹥𡉑𡍲𡐿𦈘𦖿𦗧𦞂𨨹𨱏𩝣
da2,76,㜓㩉㯓㾑㿯䃮䩢䳴䵣僤剳匒呾哒噠妲怛憚打搨沓溚炟燵畗畣瘩笪答羍胆荅荙薘蟽詚跶躂达迏迖迚迭逹達鎉鐽阘靼鞑韃龖龘𠉤𡈐𡌩𢘇𢛁𢝉𣌭𣸉𤝰𤨑𥉌𦂀𦑻𦪭𦬹𨅓𩏒𩟐𩠅𩣯𩭣𩺗𫟼
da3,3,打觰𥕇
da4,12,亣大汏眔𠶫𡚻𢽇𣣴𣥾𤤊𨆰𨗾
da5,12,㙮㟷㾑嗒垯塔墶疸瘩繨𡐿𦞂
dai1,10,呆呔嘚待懛歹獃𠯪𣐮𦪍
dai3,7,䚞䚟傣歹逮𠯪𣦶
dai4,96,㐲㞭㯂㶡㻖㿃䈆䒫䠠䲦代侢叇垈埭大媞岱帒带帯帶廗待怠戴曃柋棣殆毒瀻玳瑇甙箉簤紿緿绐艜蔕蚮蝳螮袋襶詒貸贷跢蹛軑軚軩載轪迨逮逯遞遰隶霴靆馱駘骀鴏黛黱𠯈𠰺𠷂𡧹𢄔𢎌𣇨𣫹𤮼𤸊𥿝𦄂𦙯𧊇𧑔𨊺𨓞𨗼𨟲𨥶𨽿𩃠𩃷𪐝𪒡
dai5,1,鮘
dan1,67,㐤㠆㴷䄡䐷䒟䡲丹儋冉勯匰单単單噡妉娊媅愖担擔檐殚殫湛澹瓭甔瘅癉眈砃箪簞耼耽聃聸褝襌襜覘蹛躭郸鄲酖頕鿕𠆛𠓊𠹆𡖓𡵕𢉑𢑝𣅟𣲥𦅼𧀻𧡪𧴸𨢿𩅦𩈊𩏥
dan3,50,㔊㕪㯯䃫䉞䦔䪴丼亶伔刐單嘽抌担掸撢撣澸燀玬瓭疸癉皽紞胆膽衴赕馾黕黮黵𠇋𡦨𢋃𢻼𤢏𤲭𤺺𥄦𥐹𥱷𥳹𥾚𦽫𧙇𪆻𬘘
dan4,119,㗖㡺㲷䊤䏙䗺䨢䨵䩥䪴䭛䳉亶但倓僤儃儋呾唌啖啗啿單嘾噉嚪壇帎弹弾彈忱怛惔惮憚憺憾担撢撣擔旦柦欿氮沊泹淡潭澶澹狚甔疍瘅癉癚石禫窞繵腅膻萏蓞蛋蜑蜒蟺觛訑詹誕譂诞贉贍醈霮餤饏馾駳髧鴠𠆶𠈰𢅒𢎪𢘇𣇇𣋊𣛱𣱍𤁡𤺺𥨎𥲄𥲇𥳸𦋪𦬹𦻁𦽜𦾩𧂄𧡪𧭃𩄕𩅾𩈉𩈊𩕤𩩧𪀩𪒾𫢸
dang1,29,㼕㽆儅噹当檔澢珰璫當筜簹艡蟷裆襠鐺铛𡰨𤔶𤗾𤢎𥢷𦗴𦼲𨎴𩟈𩼉𪇁
dang3,19,䣊䣣党挡擋攩欓灙譡讜谠黨𡗍𣗋𣺼𤣞𥤗𧅗𩽳
dang4,59,䑗䦒偒儅凼圵垱場壋婸宕崵嵣当愓挡擋档檔氹潒燙瑒璗瓽當瘍盪瞊砀碭礑簜荡菪蕩蘯讜趤逿闣雼𡇈𡇵𡢈𡾕𢠽𢡂𣂳𣃉𣻍𥯕𥸈𦳝𦿆𧑘𨝦𨷾𬍡
dang5,1,當
dao1,19,㧅刀刂叨啁忉惆朷氘舠虭裯釖魛鱽𣱼𦩍𩕯𩵕
dao2,2,叨捯
dao3,35,㠀㨶㿒倒嘄壔导導岛島嶋嶌嶹忑捣捯搗擣槝祷禂禱菿蹈道陦隝隯鳥𠐵𢭏𣀓𤹷𦦺𦦾
dao4,58,䆃䊭䌦䧂佻倒儔到受噵導帱幬悼敦椡檤檮洮濤焘燾瓙盗盜稲稻箌絩纛翢翿艔菿薵衜衟軇道醻陶𠴼𡄒𣁍𣫜𤓾𤘀𤷘𥓬𥗚𥺅𦒺𧼤𨗓𨱦𩈞𩬱𩭟
de1,1,嘚
de2,29,㝵㤫㥀㥁㯖䙷䙸嘚得徳德恴悳惪棏淂登鍀锝陟𠮊𡋩𡭂𣌏𣮊𣮰𤷙𧊇𨁽
de5,6,地底得的脦𠵨
dei1,1,嘚
dei3,1,得
den4,3,㩐扥扽
deng1,28,㔁㲪䔲䙞䳾僜噔墱嬁灯燈璒登磴竳簦艠覴豋蹬鐙𤮘𤺌𤼶𧾊𨶿𩯇𪔏
deng3,6,䒭戥朩等𤾢𪌷
deng4,31,䠬䮴僜凳墱嶝憕橙櫈澄瞪磴蹬邓鄧鐙镫隥𡦔𢯭𢿤𣩟𦩫𧄼𨄇𨎤𨮴𩍐𩞬𪑬𪒘
di1,45,㓳㫝䃅䍕䐎䧑䩚䪘仾低啲嘀埞堤奃彽提樀氐渧滴牴碮磾羝袛趆鍉鏑镝隄鞮𠍪𠽰𡄷𡛜𡰖𣅥𣚌𣲢𤞈𥾬𥿄𩉱𩑾
di2,81,㣙㰅㹍䊮䨀䨤䯼䴞䵠儥唙嘀嚁嫡廸扚敌敵杓梑樀櫂浟涤滌狄的笛篴籴糴翟肑苖荻莜蓧蔋蔐藋藡覿觌豴踧蹢迪逐適鍉鏑镝靮頔馰髢鬄魡鸐𠒿𠕳𡆣𡒱𡽢𢕚𣂉𤁰𤈥𥕐𥖾𥴦𥸚𦉹𦵦𧠫𨮹𩭲𩴺𩷎𪄱𬱖
di3,40,㪆㭽䂡䍕䏄䢑䣌厎呧坘坻堤底弤抵拞掋提柢楴氐牴砥聜菧觝詆诋軧邸阺骶鯳𠨿𤝬𧤲𧥮𧦚𨂇𨌮
di4,119,㢩㦅㼵䀿䏑䐭䑭䑯䗖䞾䟡䢑䩘䩚䱱䶍俤偙僀勺哋啇啻地坔埅埊墆墑墬娣媂嵽嶳帝弔弟怟慸掋揥摕旳杕枤柢梊棣渧焍玓珶甋疐的眱睇碲祶禘第約締缔胝腣芍苐菂蒂蔕蚳蝃螮諟諦谛赿踶蹄递逓逮遞遰釱鉪隶題𠐑𠚭𠥖𠫜𡚙𡚷𢅊𢉆𢓧𣬴𣯵𤧛𤬵𤾠𥄿𥡦𥳠𦨢𧀶𧂨𧉛𧋍𧍝𧺽𧿠𨑩𨑼𨗼𨘬𨪾
dia3,1,嗲
dian1,45,䀡䩇佔傎厧嵮巅巓巔拈掂攧敁槇槙滇玷甸瘨癫癲詀蹎顚顛颠齻𠑘𠫉𠶧𡱇𢖩𣪀𤠶𥧑𦕒𧄺𧽍𨈀𩄠𩥄𩨋𩬑𪓼𪖚
dian2,1,䟍
dian3,26,㓠㚲㸃䍄䓦典嚸奌婰敟椣点猠痶碘蒧蕇跕踮點𠩷𢻅𣇖𤿶𥮏𦒻
dian4,69,㓠㚲㝪㞟㶘㼭佃唸坫垫埝墊壂奠婝店惦扂橂橝殿沾涎淀澱玷琔电甸癜磹簟腍蜓蜔鈿钿阽電靛頕驔𠢣𡼓𢅝𢕯𣒂𣢥𣣈𣣣𣧛𣪪𤩱𥅑𥇞𥑼𥢏𥦟𥳢𥴫𥵏𦅆𦽄𧍿𧽍𩂵𩅀𩆔𪑩
diao1,51,㚋㢯㹦䂏䘟䯾䳂凋刀刁刟叼奝弴彫敦椆殦汈淍琱瞗矵碉簓虭蛁貂軺錭雕鮉鯛鲷鳭鵰鼦𠚥𠚻𠛪𠶰𥮐𦨣𦩍𦶌𦸔𧘨𧘩𨸓𩀜𩾗
diao3,17,㣿䄪䉆䲽佻屌扚鳥鵃鸟𠄏𡰯𢁕𢄦𢆴𦄋𧜣
diao4,57,㒛㪕䂪䂽䔙伄倜吊啁嬥弔挑掉瘹稠窎窵竨糶絩綢莜蓧藋蜩訋誂調调趙跳踔釣鈟銚銱鋽鑃钓铞铫雿魡𠤼𠥑𣩰𤕷𤭈𤱩𥁮𥲟𥾯𦰏𧅈𨰑𩈮𩋙
die1,10,㦅䩞䪓嗲爹褺跌跕蹛𣶏
die2,139,㑙㗧㤴㥈㦶㩸㩹㫼㬪㭯㲲㲳㷸㻡䏲䞇䠟䫕䳀䴑佚叠咥啑喋垤堞峌崼嵽幉怢恎惵戜挃挕揲昳曡柣楪槢殜氎泆涉渫牃牒瓞畳疂疉疊眣碟窒絰绖耊耋胅至臷艓苵蜨蝶螲褋褶詄諜谍趃跌跕跮踢蹀軼迭鐵镻鞢鰈鰨鲽𠗛𠗨𠠯𠲷𡅥𡇓𡱷𡹭𡺑𡼄𢎆𢜨𢬴𢲼𢶣𣈍𣛻𣡟𣧈𣨂𤖒𤗨𤚊𤴍𥈖𥉺𥑇𥥌𥶺𥷕𦁛𦁜𦄔𦈅𧍱𨄌𨈈𨐁𨓊𨭓𨳺𨴗𨸅𨻗𨾤𩋞𩻵𪀒𪑧𫶇
die3,2,哆𡖐
die4,5,哋昳眰𠅗𠆙
din4,1,𨈖
ding1,24,㣔䟓䦺丁仃叮奵帄灯玎町疔盯耵虰酊釘钉靪𦨍𧌾𧳉𩡯𩾚
ding3,26,㞟㫀㴿䵺仃奵嵿濎艼葶薡酊鐤頂顁顶鼎鼑𢑅𣆍𤐣𤛙𧇷𨡱𩠑𪔂
ding4,36,㝎啶奠定忊掟椗汀矴碇碠磸聢腚萣蝊訂订釘鋌錠钉铤锭顁飣饤𣢳𥇓𥯢𥳰𥸧𦩘𩜦𩠆𩸎
diu1,7,丟丢銩铥颩𠲍𢒝
dong1,47,㚵䍶䰤䳉东倲冬咚埬娻岽崠崬徚昸東氡氭涷笗苳菄蝀鮗鯟鴤鶇鶫鸫鼕𢔅𢛔𤤮𤦪𤲚𤷆𧆼𧓕𧯾𧲴𧼓𨩧𨿢𩂓𩜍𩣳𬟽
dong3,19,㖦㨂䂢䵔墥嬞懂揰湩箽董蕫諌𣿅𥳘𦡂𧄓𧳣𪐈
dong4,58,㑈㓊㗢㢥㣚㣫㼯䆚䞒侗倲働冻凍动動勭垌姛娻峒崠恫戙挏栋桐棟洞湩烔狪甬硐筒筩絧胨胴腖衕詷迵酮霘駧騆𠄉𢳾𥫎𧡍𧼩𧽿𩐤𩐵𩧲𩭩𪔦
dou1,34,㓸㨮侸兜兠剅吺唗橷氀瞗窬篼蔸都𠍄𠱑𠾇𣂮𣘛𤝈𤾒𥆖𥉝𦄓𦆘𧡸𧯞𧯠𧯤𨁋𩔡𩮷𩳈
dou3,21,㞳㪷乧唞抖斗枓蚪鈄钭阧陡𢦍𣁵𣭗𧏆𧘞𨥪𨶜𩑯𪌉
dou4,58,㛒㢄㤱䄈䇺䕆䛠䬦吋投斗斣梪毭浢瀆痘窦竇脰荳讀读豆逗逾郖酘鋀閗闘餖饾鬥鬦鬪鬬鬭𡂛𡂝𡆏𡙬𡟳𢭃𤀨𤅋𤞟𥥷𥺉𧮡𧯞𧱓𨪐𨴜𨶜𨹜𩊪𪐺
du1,28,㞘㧻䐁䦠䩲䰩剢厾嘟堵督都醏闍阇𠣰𡰪𢽚𣫔𤫻𥳉𦘴𦙋𦺥𧞹𧰵𧷿𩨳
du2,84,㒔㱩㸿㾄䓯䙱䢱䪅䫳䮷儥凟匵噣嬻椟樚櫝殰毒涜渎瀆牍牘犊犢独獨瓄皾碡竇纛罜蝳裻襡読讀讟读豄贕錖鑟韇韣韥頓顿騳髑黩黷𠉩𠠔𠠠𢝂𢷺𣰬𤚚𥀲𥑯𥓍𥖠𥖿𦌷𦏕𦺇𧁿𧐰𧛔𧰵𧾥𨂭𨍛𨏔𨽍𩞾𩥋𩧈𪇆𪍹
du3,23,䀾䈞䐗厾堵帾暏杜琽睹竺笃篤肚覩賭赌鍺陼𢾀𤬂𥓇𦛯
du4,60,㓃㡯䟻䲧剫土塗妒妬宅度斁晵杜橐殬渡睪秺肚芏荰螙蠧蠹詫鍍镀靯𡍨𡎉𡝜𢉜𢾅𣧃𣨲𤚡𤬪𤴱𤵊𤶮𥀁𥃾𥝟𥝾𥯖𥲗𥳲𦚈𦡄𦳔𧉓𧋌𧑠𧔬𨋈𩩮𩵚𪐞𬭊
duan1,14,㟨偳剬媏端篅耑褍鍴𥠄𥵣𦾸𧤗𩤚
duan3,5,短𢭃𢷖𣠭𧶲
duan4,28,㫁㱭䠪塅断斷椴段毈煅瑖碫簖籪緞缎腶葮踹躖鍛锻𠡱𢯫𨱚𨺣𩏇𩤣
dui1,40,㢂㢈䂙䏨䔻䜃䭔垖埻堆塠嵟搥敦槌痽碓磓追鎚鐓鐜頧鴭𠂤𠦗𡏩𡜥𢈹𢟋𤤷𤧫𤷎𤹵𥑵𧧆𩈜𩜀𩨽𪌤
dui3,7,㨃啍謉頧𠡒𡑈𦞱
dui4,69,㙂㟋㠚㬣㳔䇏䨴䨺䬈䬽䯟兊兌兑奪对対對怼憝憞懟敦杸濧瀢瀩碓祋綐膭薱襨譈譵鈗鋭錞鐓镦队陮隊𠏮𠜑𠫨𡁨𡷋𡼻𢆻𣝉𣪌𤄛𤮩𥹲𦡷𦶏𨬍𨹅𨻵𩄮𩅆𩅥𩅲𩈁𩊭𩐌𪒛𪒡
dun1,32,䃦䔻䪃俊吨噸墩墪惇撉撴敦橔燉犜獤礅蜳豚蹲蹾鐓鐜镦驐𡼖𤭞𥂦𦎧𦼿𧝗𩞤
dun3,5,盹趸躉𣎴𧿗
dun4,42,䤜伅囤坉庉忳憞敦楯沌潡炖燉盾砘碷腞腯豚踲逇遁遯鈍钝頓顿𠎻𡆰𢬼𣗁𣚪𣞇𤟢𥫬𥫱𥭒𦎧𦪔𦰭𨔡𩔂
duo1,22,㙍剟咄哆嚉多夛崜掇敠敪毲畓茤裰跢鄲𡌭𢳽𦍦𧢵𩢎
duo2,36,㡯㣞㤞䐾仛兑凙剫喥夺奪度掇敓敚沰澤痥襗跿踱鈬鐸铎鮵𢜬𢼠𤢕𧩧𨀟𨍏𩍜𩑒𩿩𪃒𪞝
duo3,56,㖼㙐㛆㛊㥩㪜㻔䒳䙤䠤䤪䫂䯬亸哚嚲垛垜埵奲崜挅挆捶揣朵朶杂棰椯橢硾綞缍袳趓躱躲軃鍺鬌𠛫𡶲𡺇𤛛𥿰𦖋𧊱𧙤𨉡𨦃𨲉𨹃𩃒𩬻𪘉
duo4,75,㛆㨊㻧䅜䑨䙃䝐䠤䤻䩔䲊刴剁哆垛垜堕墮墯媠尮嶞惰憜挅杕杝柁柂柮桗沱舵詑誃貀跢跥跺踱酡錞陀陊陏隋隓飿饳馱驮鵽點𡓉𡓷𢿎𣑧𣧷𣵺𣵻𤋨𤌃𤤸𤬾𥞛𥬲𥳔𧧇𧱫𨆅𨦃𨬍𨹃𩊜𩎫
duo5,1,𦕰
e1,15,䋪匼妸妿娿婀屙猗疴痾阿𠥍𡹣𣘨𥑺
e2,61,㧴㼂䄉䕏䖸䚰䩹䱮䳗䳘佮俄偽叱吪哦囮娥峨峩涐珴皒睋硪磀莪蒍蛤蛾訛誐譌讹迗鈋鋨锇頟額额騀魤鰪鵝鵞鹅𠷸𡅅𧒎𧔼𧚄𧢽𧽶𧿕𨱂𨶯𩋽𩑁𩣣𩤩
e3,25,㫊厄噁妸娿婀恶惡枙椏玀砈誐閜阿頋騀鵈𣄰𣘨𧙃𨵌𩒰𩣣𫫇
e4,202,㓵㔩㖾㗁㗉㛕㟧㠋㣂㦍㧖㩵㩽㮙㷈䆓䑥䑪䔾䙳䛖䛩䜙䝈䞩䣞䫷䳬亞侉偔僫匎卾厄呃呝咢咹啈啊啐啞噩囐垩埡堊堨堮姶娾媕屵岋峉崿庵廅恶悪惡愕戹扼搕搤搹擜曷枙櫮歞歹歺洝湂琧痷砐砨砵硆礘胺腭苊萼蕚蘁蚅蝁覨詻諤讍谔豟軛軶輵轭遌遏遻邑鄂鈪鍔鑩锷閼阏阨阸隘頞顎颚餓餩饿鬲魥鰐鱷鳄鴳鶚鹗齃齶齾𠥕𠥜𠯪𠰜𠱥𠱫𡀾𡅡𡪑𡪗𡴯𡾙𢃲𢨡𢼚𢼛𣎴𣢛𣤲𣦵𤂷𤎣𤡾𤪄𤭼𤸱𤻜𥋙𥑾𥓈𥔲𥯳𦊪𦛅𧊜𧊧𧌄𧍬𧠞𧨟𧭪𧼎𨂁𨃃𨌧𨤕𨸷𨺨𩇠𩉴𩊢𩋊𩐰𩒕𩕟𩕬𩖀𩚬𩨮𩪤𩸇𩸋𩸖𩽹𪀝𪅴𪘊𪘐𪙯
e5,1,呃
ei1,2,欸誒
ei2,4,欸誒诶𡅅
ei3,2,欸誒
ei4,2,欸誒
ei5,2,欸誒
en1,8,奀恩煾蒽𡟯𤇯𤫹
en3,4,䅰峎𡵖𡷐
en4,5,䬶䭓䭡摁饐
en5,4,咹哽唔嗯
eng1,1,鞥
er2,48,㖇㧫䋩䎟䎠䮘侕儿児兒咡唲峏杒栭洏濡粫而耏聏胹腝臑荋袻輀輭轜陑陾隭髵鮞鲕鴯鸸𡦕𣩚𤽓𥅡𦓓𦓔𨎪𩤖𩰴𩱊𪕨
er3,30,㚷㢽䋙䌺厼嬭尒尓尔栮毦洱爾珥耳薾趰迩邇鉺铒餌饵駬𢀪𦗼𧌣𩚪𩱓𪕔
er4,24,㒃㛅䎶䏪䣵二佴刵咡弍弐樲衈誀貮貳贰鉺髶𠚧𢄽𣧹𦖢𪐰
fa1,8,发彂沷発發酦醱𤿓
fa2,36,㕹㘺䇅䣹乏伐傠垡姂拔撥栰橃汎泛浌疺瞂砝笩筏罚罰罸茷藅貶閥阀𠞵𠲎𤇰𥩱𦪑𨀳𨋺
fa3,10,䂲佱法灋砝鍅髪髮𤣹𥎰
fa4,8,㛲发珐琺蕟髪髮𧬋
fa5,1,𠲎
fan1,32,㴀䪛勫噃墦嬏帆幡忛憣拚旙旛潘犿畨番籓繙翻蕃藩訉轓颿飜鱕𢬵𤄫𤳖𦪖𧦟
fan2,86,㠶㶗㸋㺕䀟䉒䊩䋣䋦䌓䕰䪛䪤䫶䭵䮳伋凡凢凣匥墦帆杋柉棥楓樊橎氾渢瀪瀿烦煩燔璠番矾礬笲籵緐繁繙羳膰舤舧舩蕃薠藩蘩蟠蠜袢襎蹯釩鐇鐢钒鷭𢐲𢶃𣔶𥢌𥸨𥻫𥼞𥿋𦊻𦨲𧀭𧊾𧢜𨆌𨙮𨟄𩕏𩧅𩨏𪖇𫔍𬸪
fan3,11,㽹䛀䟪䡊仮反払返釩𢗰𦜒
fan4,65,㕨㛯㤆㮥㴀㶗㼝㽹䀀䉊䐪䒦䛀䣲䪻反奿婏嬎帆梵樊氾汎泛滼犯畈盕笵範范訉販贩軓軬釩飯飰饭𠆩𠒾𡁈𡗹𡜀𡤎𡶉𢇪𣔶𣳜𤄑𤬨𤭍𥃵𥅒𥹇𦦽𧁉𧉤𧍙𨠒𨥧𩡫𩨩
fang1,25,䄱匚坊埅妨放方枋汸淓牥祊芳蚄趽邡鈁錺钫雱鴋𥫳𩇴𩲌𪕃
fang2,14,㤃坊埅妨彷房方肪防魴鰟鲂𩗧𩷸
fang3,31,㑂㕫㧍㯐䢍䰃䲱仿倣彷放方旊昉昘昞枋瓬眆眪紡纺舫訪访髣鴋鶭𣄅𩬝𩮗
fang4,6,匚放紡趽邡𨾔
fang5,1,堏
fei1,40,㫵䤵䩁匪啡奜妃婓婔扉暃渄猆緋绯菲蜚裶霏非靟飛飝飞餥馡騑騛鯡鲱𢑮𥇖𦱷𨵈𩇫𩙲𩦎𩹉𪁹𬴂
fei2,16,䈈棐淝痱肥腓萉蜰蟦裴賁𤷂𥭬𧓖𩇯𩇽
fei3,33,㥱䕁䨽匪奜悱斐朏棐榧痱篚翡胇胐菲蕜蜚誹诽非𠏿𢾺𣍧𥟍𥠶𦃄𦈗𧍃𧕒𧕿𩄼𩦎
fei4,98,㔗㩌㵒㹃䆏䉬䍨䑔䒈䕠䚨䛍䟛䠊䤵䨾䯋䰁俷剕厞吠墢屝废廃廢怫拂昲曊杮柹橃橨櫠沸濷犻狒疿痱癈砩祓笰紼肺胇胏芾茀茇菲萉蕟蕡蜰襏費费鐨镄陫靅髴鯡鼣鼥𠮆𠲎𡌦𢒍𢳁𣙿𤝟𤺕𤼺𥄱𥝊𥝋𧌘𧑈𧚆𧝇𧿳𨚓𨻃𩆦𩇮𩡷𩯃𩰲𩰾𩱎𩵥𪂏𫂈
fen1,49,㤋㬟䭻兝兺分匪吩哛帉愍扮敃昐朆棻棼氛汾玢砏竕紛纷翂芬衯訜躮酚鈖錀雰餴饙𢁤𣬩𣯻𣱦𤔟𦐈𧿚𨳚𨳣𨷒𩡷𩢈𩰟𩿈
fen2,65,㷊㸮㿎䩿䫞䴅分坆坟墳妢岎幩朌枌梤棼橨汾濆炃焚燌燓燔獖盼羒羵肦葐蒶蕡蚠蚡豮豶賁轒鐼隫頒馚馩魵鳻黂鼖鼢𠛸𢊱𢴢𣸣𤖘𤗸𥳡𦍏𦍪𦦑𦰛𧮱𧷐𨎾𩉵𩿈
fen3,8,㥹扮粉黺𠵮𡨖𢚅𦶚
fen4,49,㖹㱵㿎䆏份偾僨分噴坋墳奋奔奮幩弅忿愤憤拚棼橨瀵焚獖秎粪糞膹賁魵鱝鲼𠻫𡊄𡊅𢅯𢧝𢹔𤖘𤗸𤘝𤰪𥂙𥹻𥽒𨤘𨤚𩸂
feng1,84,㐽㒥㕫㛔㜂㠦䀱䒠丰仹偑僼凨凬凮埄妦寷封峯峰崶方枫桻楓檒沣沨灃炐烽熢犎猦琒疯瘋盽砜碸篈肨莑葑蘴蚌蜂蠭豊豐鄷酆鋒鎽鏠锋闏霻靊風飌风麷𡉚𡨛𡵞𢓱𤖀𥍮𥷜𥽈𦜁𧆉𧥹𧾳𨩥𨺢𩉧𩊩𩘵𩙐𩙣
feng2,30,㦀㵯䏎䙜䩼冯堸夆捀摓浲渢溄漨綘縫缝舽艂逄逢馮𡕖𢪋𥍮𥛝𧍯𨝭𨲫𩊩
feng3,12,䟪䩬唪泛覂諷讽風𢇫𦧁𩋮𪐃
feng4,28,㡝俸凤奉捧桻湗焨煈甮縫缝葑諷讽賵赗風鳯鳳鴌鵬𠣡𢓱𣿝𥊒𩐯𩪌
fiao4,1,覅
fo2,7,仏仸佛坲梻𧥚𧼴
fou1,2,不𤊻
fou2,4,垺紑裦𧉈
fou3,18,䬏不否妚殕炰缶缹缻芣衃雬鴀𡜊𤽦𧊦𨛔𩂆
fu1,90,㕊㩤㭪㲗䃿䄮䎔䓏䓵䱐䴸不伕傅呋垺夫妋姇娐孵尃怤懯拊捊敷旉枎柎沕溥烰玞琈璷甫痡砆稃筟粰糐紨綒肤胕膚芣荂荴蓲衭豧趺跗邞鄜鈇附鳺麩麬麱麸𡏪𡫺𡬇𢗲𣘧𣞒𤆮𤙤𥄓𥒫𥱀𥼼𦇁𦖀𦺉𧀮𧀴𨁒𨾚𩬙𩵩𩽺𩿧𪊐𫓧
fu2,229,㔗㚕㚘㜑㟊㠅㪄㫙䃽䈏䋹䌿䍖䑧䕎䘠䞞䞯䟮䡍䨗䪙䭮䳕䵾乀伏佛俘冹凫刜包匐咈咐哹坿垘夫姇孚宓岪巿市帗幅幞弗彳彿怫扶拂服枎枹柫柭栿桴棴榑氟汱沸泭洑浮涪澓炥烰玸琈甶畉畐畗癁砩祓福稪符笰箁箙粰紱紼絥綍纀绂绋罘罦翇胕艀艴芙芣芾苻茀茯莩菔萉葍虙蚨蜉蝠袚袱複襆襥諨費踾輻辐还郍郛酻鉘鉜錇鞴韍韛韨颫颰髴鮄鮲鳧鴔鵩鶝黻𠡂𠬝𠲽𡐝𡞪𡠞𡦄𢀼𢁀𢂀𢌹𢏍𢒒𢘍𢞦𢰆𢻮𣀣𣀾𣆵𣑿𣭘𣹋𣻜𣿆𤉨𤝟𤠪𤰈𤱽𤶖𥄑𥘬𥦘𥧷𥪋𥪚𥰛𥾧𦊦𦊾𦎭𦐡𦑹𦨈𦨋𦨡𦩡𦮹𦲫𦳓𦽏𦿁𧉈𧖚𧥱𧳂𧴌𧼗𧼱𧿳𨋩𨌥𨚓𨵟𩂔𩂕𩉽𩋟𩋨𩌏𩎛𩐚𩓖𩖬𩖼𩜲𩠷𩢰𩳎𫚒
fu3,69,㓡㕮䋨䌗䗄䞤䩉䫍䫝䵾乶俌俛俯哺嘸尃府弣抚拊捬撨撫斧柎椨滏焤父甫盙簠胕脯腐腑莆蚥蜅軵輔辅郙釜釡鈇頫鬴鳬黼𠟌𢗫𢯋𢻀𣥋𤕾𤙭𤿭𥒰𦎎𧉊𨑑𨵃𩑬𩒙𩳐𪂀𫖯
fu4,164,㙏㚆㠅㤔㤱㬼㳇㷆㽬㾈䂤䒄䒇䔰䘀䝾䞜䞯䞸䟔䠵䦣䧞䨱䪔䪙䭸䭻䮛䯱仅付伏偩偪傅冨副咐坿報复妇婏婦媍嬎嬔富峊復怀捬掊服柎椱榑洑父祔福禣秿竎紨緮縛缚腹萯蕧蚥蚹蛗蝜蝮袝複褔覄覆訃詂讣豧負賦賻负赋赙赴跗軵輹邚鍑鍢阜阝附陚馥駙驸鮒鰒鲋鳆𠋩𠌽𠓗𠣾𠪻𡐝𡵛𢂆𢠲𣄎𤝔𤭟𤸑𤸗𥨍𥲛𥳇𥷱𦂊𦔍𦰺𦱖𦸱𧄏𧌈𧌓𧒂𧒙𧕡𧻳𨦛𨺅𩂆𩂎𩅿𩋟𩌏𩍏𩍿𩒺𩢿𩣜𩣸𩬙𩭺𩵹𩽻𩾿𪀺𪂋𪂾𪃓𪆠𪍏
fu5,1,酜
ga1,11,㹢伽呷咖嘎嘠夹夾旮胳𡉅
ga2,9,嘎噶尜軋轧釓錷钆𡼛
ga3,4,嘎尕玍𠁥
ga4,5,尬魀𡯰𡯽𣬫
gai1,30,㱾䀭䐩䬵䶣侅咳垓姟峐晐核畡祴絯胲荄該该豥賅賌赅郂閡陔隑骸𧊏𧯺
gai3,12,䪱忋改絠胲𡧣𢍓𢻉𦫻𨮂𨱕𨱣
gai4,33,㕢㧉㮣䏗丐乢匃匄戤摡杚概槩槪汽溉漑瓂盖磑芥葢蓋鈣钙阣隑𠌰𡒖𢅤𨞨𨸛𩕭
gan1,64,㓧㤌㶥㿻䇞䊻乹乾亁凲坩奸尲尴尶尷干幹忓攼杆柑汗泔浛漧玕玵甘疳矸竿筸粓肝芉苷虷諴迀酐釬飦魐鳱𠥴𡯋𡶑𢧀𣗲𣦖𣰦𤭙𤮽𤯌𧾲𨝌𩖦𩚵𩠁𩢨𩴁𩴵𪔆
gan3,48,㔶㺂䃭䇞䤗䵟仠感扞捍擀敢杆桿橄澉皯矸秆稈竿笴篢簳芉衦豃赶趕鰔鱤鳡𠇵𠖫𠿑𣘠𥕵𥘏𥰟𥸡𥾍𦪧𦼮𦾮𨣝𨳼𩹸𪊄
gan4,47,㽏䯎䲺个佄倝凎咁干幹旰杆榦檊汵淦灨盰矸竿簳紺绀詌贑贛赣錎骭𢁗𣁖𣆙𣵷𣵼𣹟𤌹𦼮𦾮𧆐𧹳𩉐𩬚𪉦𪉿𪊄𪊇𪚬
gang1,51,㠮㧏㭎㼚䚗亢伉冈冮刚剛堈堽岗岡崗扛抗掆杠棡牨犅疘矼碙綱纲缸罁罓罡肛肮釭鋼鎠钢阬頏𠵹𡇬𢭈𢰌𣗵𣦐𤭛𦋳𦱌
gang3,10,㟠㟵㽘䴚岗崗港溝犺𨟼
gang4,13,戅戆戇掆杠槓焵焹筻鋼钢鿍𣗵
gao1,42,㤒䆁䓘咎槁槔槹橰櫜滜獋皋皐睪睾篙糕羔羙膏臯韟餻高髙鷎鷱鼛𡼗𣓌𣽎𥢐𦍱𦏦𦕺𦤎𦺆𧢌𨝲𩏤𩝝𪔘
gao3,33,㚏㚖㵆㾸夰搞暠杲槀槁檺浩稁稾稿筶縞缟菒蒿藁藳鎬镐𤱟𥓖𥢑𧚡𧜉𩓢𩔇𩕍𩫓
gao4,25,勂吿告峼祮祰禞稾筶膏誥诰郜鋯锆高𠰛𡋟𡜲𡷥𢍎𢞟𣝏𧠼𩋺
ge1,65,㓣㤎䔅䣬䬣仡割可咯哥圪屹彁戈戓戨扢搁擖擱格歌滒牫牱犵疙紇纥肐胳菏袼謌鉻鉿鎶閘閤鴐鴚鴿鸽鿔𠛊𠯫𠸲𠺝𡟍𢎄𤇞𤜊𤭻𦨜𧎺𧗶𨝆𨟶𨾓𩢅𩨘𩾷𪀁𪀉𪃿
ge2,123,㖵㗆㠷㦴㪾㭘㵧㷴䅥䈓䐙䗘䘁䛿䨣䩐䩡䪂䪺䫦䰛佫佮假匌呄嗝嘅噶塥愅挌搁搿擱敋杚格槅櫊浩滆猲獦砝秴胳膈臈臵茖葛蛒蛤裓觡詥諽輵轕鉀鎑鎘镉閣閤阁隔革鞈鞷韐韚頜颌騔骼髂鬲鮥鮯鰪鵅𠲱𠹓𢄍𢆜𢓜𢡍𢧧𢩓𢯹𢼛𣭝𤠇𤩲𤰙𥉅𥢸𥴩𥺊𦑜𧈌𧈑𧈖𧊧𧪞𧿩𨍮𨏚𨏴𨐥𨞛𨼣𨼥𩎎𩢛𩨀𩹺𩹿𩼙𪄎𪌣
ge3,14,个個各合哿嗰盖舸葛蓋魺𤕒𥰮𨭛
ge4,12,䧄个介個各吤硌箇虼鉻铬𦓱
gei3,2,給给
gen1,3,根跟𠛵
gen2,1,哏
gen3,5,䫀艮𩑡𩒝𩓓
gen4,12,㫔㮓亘亙揯搄痕艮茛𠄣𥃩𨒼
geng1,31,㹴㹹䎴䢚亢刯庚更椩浭焿畊絙絚緪縆羮羹耕菮賡赓鶊鹒𦣍𧙸𨁈𩜣𩱁𩱋𩱧
geng3,33,㾘䋁䌄哽埂峺挭梗硬綆绠耿莄邢郠頸颈骾鯁鲠𠡣𡩃𢙾𢞚𣆳𥉔𥾚𦛟𦵸𧀙𧋑𩂼𬒔
geng4,20,䱍䱎䱭䱴亘亙堩恆暅更緪𡍷𣈶𣎄𥅨𥔂𦚸𦜷𦞌𧰨
gong1,77,㓚㕬䂵䍔䐵䢼䰸䲲䳍供公共功匑匔厷咣塨宫宮工幊弓恭愩攻杛杠熕疘碽篢糼紅红肱蚣觥觵躬躳釭髸魟龏龔龚𠇒𡚑𢁠𢖷𤅐𤱨𥫋𥸲𦄜𦊫𦔸𦞗𦞨𦬘𦵡𧆷𧎡𧘏𨉫𨊧𨋝𨋷𨒱𨴛𩃙𩐣𩛘𪏠𪏢𬕂
gong3,40,㤨㧬㫒㭟㺬㼦䂬䡗䱋共嗊巩廾拱拲栱汞珙磺礦蛩輁銾鑛鞏𢀜𢸁𤨶𤬳𥧂𥨐𦈩𦓳𦦧𨋑𨣂𨥑𨨭𩌌𫋐
gong4,27,㓋㔶㯯䇨䔈䡗供共唝嗊愩渱羾莻虹貢贛贡𠌕𠞖𡔕𡟫𥧡𦏺𦩼𪄌
gong5,1,慐
gou1,46,㗕㡚㽛䃓䐟䑦䬲䵶佝冓勾區句呴拘搆枸沟泃溝痀篝簼緱缑苟袧褠軥鈎鉤钩鞲韝鴝𠛎𡗁𣕌𤖮𤫱𥬉𥴴𥿺𦩷𦽋𪚭
gou3,20,㺃岣枸狗玽笱耇耈耉芶苟蚼豿鮈𡖑𢄇𣕉𣙱𦱣𨩦
gou4,53,㗕㜌㝅㝤㨌䃓䝭䪷傋冓勾句呴坸垢够夠姤媾彀搆撀构構煹茩袧覯觏訽詬诟豰購购軥遘鉤雊鴝𣫌𤚼𤠼𥉇𥧒𦎯𦎼𦵷𧃛𧲿𧵈𩄢𪃺
gu1,66,㱠㼋䉉䐻估呱呴咕哌唂嗗姑嫴孤家枯柧橭毂沽泒瓠皋盬磆笟箍箛篐罛胍苽菇菰蓇蛄觚軱軲轂轱辜酤鈲骨鮕鴣鸪𠷞𠽿𡗷𢡇𣀐𣲖𥂰𥿍𦊬𦋆𦺠𧆻𧇡𧬕𨠋𨬕𨱃𨸯
gu2,6,䜼䮩骨鶻𦎰𧳸
gu3,107,㒴㚉㯏㾶䀇䀜䀦䀰䅽䐨䡰䵻䶜傦古唃啒嘏夃尳愲扢榖榾櫎毂汩沽淈滑濲瀔焸牯皷皼盬瞽穀糓縎罟羖股脵臌苦蓇薣蛄蛊蛌蠱角詁诂谷賈贾轂逧鈷钴離餶馉骨骰鵠鹄鹘鼓鼔𠑹𠻧𡷓𡽂𢝳𢪏𣖫𣦩𣦭𣨍𣨺𣫀𣱫𤅱𤚱𥐬𥠳𥮝𥵠𦈔𦈲𦍩𦙶𦾫𧟣𧣡𧵎𨪷𨵐𩀠𩙏𩲱𪇗𪕷
gu4,34,㧽㽽䇢䍛䓢估僱凅古告固堌崓崮怘故梏棝牿痼盬祻稒鈷錮锢雇顧顾鯝鲴𣪸𩴡𪄮
gu5,1,咕
gua1,48,㓡㧓㶽䀨䏦䒷䫚䯄䯏刮劀呱咶括捖擖栝歄焻煱瓜緺聒胍舌苽諣趏踻銛銽颪颳騧鴰鸹𠛒𠜵𠟗𠯑𠵯𡜁𥄼𥈓𧿼𨵃𩢍𩻎
gua2,1,𪇜
gua3,18,㒷㱙䈑冎剐剮叧呱咼寡踻𠆣𠈥𠊰𠙼𠮠𣅻𧤐
gua4,16,卦啩坬惴挂掛絓罣罫袿褂詿诖𤆜𥝒𦊱
guai1,12,㾩䂷䓙乖掴摑𠛕𠦬𡇸𡧩𦮃𧱾
guai3,7,拐枴柺箉罫𦫳𧊅
guai4,18,㧔㷇䂯䃶䊽叏噲夬怪恠𡌪𡖪𢶒𣲾𥑋𥑰𧴚𩶦
guan1,48,䗆䚪䤽倌关冠官棺淪琯瘝癏矜窤綸纶莞菅蒄覌観觀观閞関闗關鰥鱞鳏𠴨𡅭𡠒𡭷𢇇𢉂𢺄𥈒𥍅𥎅𥜄𥷬𥿑𦺊𨳡𨴊𨷀𩖒
guan3,22,䏓䗆䘾䦎䩪䪀䲘幹斡琯痯筦管舘莞輨錧館馆鳤𦛤𨵄
guan4,66,㮡㴦䌯䎚䗰䘾䙛䙮䝺丱串冠卝婠悹悺惯慣懽掼摜果棺樌櫬權毌泴涫淉潅灌爟琯瓘盥矔礶祼罆罐觀观貫贯躀遦鏆鑵雚鰥鱹鵍鸛鹳𠬆𣥥𣩔𣬂𤮳𤼐𥉀𥊫𨝑𨱌𪈸
guang1,34,侊僙光咣垙姯廣恍挄桄横洸潢灮炗炚炛烡珖硄胱茪趪輄銧黆𤖖𧻺𨎩𨐈𨶰𩒚𩧉𪕓
guang3,11,广広廣犷獷臩𠏤𤳭𤴀𥀱𪇵
guang4,18,㤮㫛俇光廣撗擴桄横櫎珖臦迋逛𢓯𦢎𨤡𩑈
guang5,1,欟
gui1,82,㰪䃶䅅䐩䟸䲅亀佹傀哇圭妫媯嫢嬀巂帰廆归摫椝槣槻槼櫰櫷歸洼潙珪瑰璝瓌皈瞡硅窐胿膭茥蘬螝袿規规邽郌閨闺隗騩鬶鬹鮭鲑鳺鴂龜龟𠐽𡃩𡌲𡹙𢄊𢻂𢻗𤼮𥇳𥈸𥍁𥦣𦓯𦤇𧷱𨾚𨾴𩑬𩓠𪄯𪆳𪈥𪊧
gui3,60,㔳㧪㨳㩻㲹㸵䃽䍯䞨䣀䤥佹匦匭厬垝姽宄庋庪恑攱晷朹桅氿湀癸瞡祈祪簋蛫蟡觤詭謉譌诡軌轨陒鬼𠱓𡧭𡷺𢃯𣢪𣪕𣷾𤘧𥍨𥥠𦳛𧊄𩊛𩱻𩲡𩳧𪀗
gui4,102,㙺㩻㪈䁛䈐䌆䐴䝿䞈䠩䤆䮹䯣䳏偽刽刿劊劌匱娃媯嶡庋撅撌攰攱昋柜桂桧椢概槶檜櫃溎炅炔猤癐瞶硊禬筀簂繪茥蓕襘規觖貴贵赽趹跪蹶鞼鱖鱥鳜𠐽𠜾𠪑𠿥𡗤𡧭𡬂𢠿𣄜𣦦𣧎𤜂𤡱𤱺𤱾𤲉𤻿𤿡𥍁𥎛𥜏𧡫𧢦𧹑𧻜𧽸𨇙𨋡𨲿𩉝𩌃𩍨𩏐𩏡𩒙𩔆𩪁𩳝𪏤
gun3,43,㨰㫎㯻䃂䎾䜇丨卷惃棍混渾滚滾磙緄緷绲蓘蔉衮袞裷輥辊錕鮌鯀鰥鲧𠃌𡈧𡘝𢃩𣮎𥕦𦓼𦠺𦫎𨍲𩨬𩩌
gun4,13,㙥䜇䵪棍琯璭睔睴謴𠞬𡻨𧬪𧸫
guo1,49,㗥㗻㳡㿆呙咶咼啯嘓埚堝墎崞彉彍楇活涡渦濄瘑矌聒蜮蝈蟈过過郭鈛鍋鐹锅𡓣𣁯𣂄𣽅𣽰𥂣𥇜𦗒𦘌𦬗𨽏𩫏𩰬𩰭𪆹𪈃
guo2,59,㕵㖪㶁䂸䆐䐸䤋䬎唬囗囯囶囻国圀國埻帼幗慖掴摑漍簂聝腘膕蔮虢郭馘𠩥𠿤𡆸𡇄𢐚𢧰𢸗𢹖𢼛𤂁𤫵𤮋𥄍𥆘𦄰𦛢𦸈𧖻𧤯𧭕𧭣𧰒𧾛𨉹𨭗𩉕𩪐𬇹
guo3,34,䙨䴹划惈果椁槨櫎淉猓粿綶菓蜾蝸蠃裹褁輠錁鍋鐹餜馃𠜴𢃦𤬁𥁁𥕖𥜭𩋗𩻧𪂠𪋊
guo4,11,㳀划腂过過𠋜𢅗𢝸𧒖𧥵𩟂
guo5,1,過
ha1,6,呵哈蛤鉿铪𨉣
ha2,4,虾蛤蝦𡄟
ha3,3,哈奤獬
ha4,2,吓哈
hai1,10,㨟㰧㰩㱼㾂咍咳嗨𣢇𨸜
hai2,20,㜾䠽䪱䯐䱺咳咴孩还還郂頦骸𠹛𧻲𧽊𧽖𩠚𩩰𩰶
hai3,12,塰浬海烸胲酼醢𣖻𣳠𥁐𥂧𨡬
hai4,45,㕢㤥㧉㧡㺔䇋䜕䝳亥侅嗐妎害拸氦猲絯閡餀饚駭駴骇𠀅𠔑𡕗𡾨𢁓𢞐𢩸𢻜𤵽𤸎𥩤𥩲𦐤𦤦𦤬𦷷𨀖𨒨𩞞𩡔𩪃𩹄
hai5,1,嚡
han1,37,㤷㦑䘶䣻佄哻嫨憨欦歛犴甘蚶谽酣頇顸馠魽鼾𠵸𡬖𣝽𣢅𣢺𤞶𤸕𥤱𧭻𧮰𧮳𧵊𧹣𩈖𩈣𩠻𩼉
han2,81,㖤㙔㟏㟔㮀㶰㼨䈄䎏䗙䤴䥁䨡䮧䶃函凾含咁唅圅娢寒崡嵅幹晗梒椷榦汗汵浛涵淊淦澏焓琀甝笒筨肣虷蚶蜬邗邯鈐鋡韓韩頜馯魽𠗴𠤮𠤾𠥴𠦊𠲒𠿑𡇜𢔈𣘞𣢟𣵷𤬯𤭙𥀐𥆡𦛜𦜆𦞞𦥖𦺦𧃙𧑚𩄙𩦊𫒶
han3,33,㘎㘕㘚㙳㰹㸁㺖䍐䍑䎯䓍丆厂厈喊嚂嵌浫罕蔊豃軒闞阚鬫𠽦𠿑𣛴𦒝𧯘𧾔
han4,129,㑵㒈㢨㨔㪋㲦㵄㺝䁔䎯䏷䐄䓿䕿䖔䗣䘶䛞䜗䧲䫲䮧仠傼含垾屽岾忓悍感憾扞捍撖撼攼旰旱晘暵桿汉汗泔浛涆涵淊漢澉澣瀚灘焊熯猂皔睅矸罕翰肣莟菡蘫蛿蜭螒譀邯酣釬銲鋎閈闬雗靬頷顄顩颔馯駻鳱鶾𠢇𠹄𡁀𡣔𡷛𡻡𢀵𢃗𢄜𢇞𢎘𢔔𢧦𣐺𣒷𤀉𤌐𤞶𤳉𤿧𥇌𥉰𦋣𦒅𧂃𧰪𧵊𨁄𨛎𨢈𨸗𩎒𩕠𩖺𩗤𩞿𩭥𩹑𩹼𩾝𪁟𫘣
han5,2,兯爳
hang1,13,㬻㰠䂫䦭夯忼炕𠡊𤵻𩠾𩲋𪐦𪕇
hang2,37,㤚䀪䘕䢚䲳吭垳妔斻杭桁沆珩笐筕絎绗肮航苀蚢行貥迒邟頏颃魧𤼍𦐄𦨵𧘃𧦑𨁈𨾒𩶞𪗜
hang3,2,狠狼
hang4,16,䟘䣈吭巷忼桁沆笐行酐頏𡕧𤰟𥮕𩉜𩔋
hao1,14,嚆茠蒿薅薧鎒𡽝𢻇𣭖𣭹𤡇𤢨𧯌𩮘
hao2,48,㠙㩝㬔䝥䧫儫号呺唬嗥嘷噑嚎壕椃毜毫濠獆獋獔皋竓籇膠號虠蚝蠔諕譹豪貉𠚃𠢕𡐒𣘫𣽎𤀃𤢭𨂜𨒑𨚙𨼍𩐮𩕍𩖸𩫕
hao3,4,好郝𡥆𤫧
hao4,72,㘪㙱㚪㝀㞻㬶䒵䚽䝞䧚䪽䯫傐号哠好妞恏悎昊昦晧暠暤暭曍浩淏滈澔灏灝皓皜皞皡皥睾秏翯耗聕薃藃號鄗鎬镐顥颢鰝𡐒𡚌𡚽𡠖𡥆𣆧𣚧𣱓𤝐𤩩𤩭𥍣𥢑𦳁𧇼𧦝𧬁𨚮𨝲𨠬𩲊
he1,26,㰤㰰㿣䏜䶎呵哈喝嗬抲欱苛荷蠚訶诃𠀀𠳊𠵩𢥳𣣹𥘫𦘿𩐥𩑸𪖲
he2,161,㔠㕡㗿㥺㧁㪃㪉㭘㭱㮝㮫㹇㿥䃒䅂䒩䕣䞦䢔䫘䮤䳚䶅何劾合咊和咼哈哬啝喛嗑噈姀害峆惒挌揭敆曷柇核楁毼河洽涸渮渴澕熆犵狢皬盇盉盍盒礉禾秴篕籺粭紇繳纥翮荷菏萂藿蚵蝎螛覈訸詥貈貉輅轄郃鉌鑉閡閤闔阂阖鞨頜颌餄餲饸魺鲄鶡鹖麧齕龁龢𠘢𠚔𠛳𠧕𠰓𠳇𠶹𠻙𡇞𡇶𢄍𣏷𣰌𣲑𣲲𣿌𤈧𤖱𥝖𥝸𥞄𥞍𥞩𥟃𥻉𥽶𦃔𦇸𦒏𦛘𦛜𦳬𦼰𦼵𧇎𧇮𧊬𧝳𧪞𧭳𧮵𧲦𨋟𨍇𨜱𨜴𨨛𨴢𩅢𩌡𩩲𪈊𪘹𬌗
he3,1,㪋
he4,84,㚘㬞㵑㷎㾑䐧䓇䓼䚂䯨䳽何佫吓呼和哧喝嗃嚇垎壑寉愒抲曷格焃煂熇燺爀猲癋硅碋穒翯荷藃袔褐謞賀贺赫隺霍靍靎靏鬩鵠鶡鶮鶴鸖鹤齃𠁗𠗂𠡀𠶾𡀽𡫥𢅰𢬲𣆈𤌾𥉑𥋿𦞦𦤦𦺞𦽅𧀔𧝂𧨂𧬂𧬱𧯉𩄸𩩒𩵢
hei1,12,㱄嗨嘿潶黑黒𢖛𢡀𥕙𨭆𩻤𬭶
hen1,1,噷
hen2,7,㯊拫掀痕艮鞎𦚣
hen3,7,䓳佷哏很狠詪𬣳
hen4,1,恨
heng1,9,亨哼啈悙涥脝訇𣨉𦨾
heng2,33,㔰㶇䬖䬝䯒佷姮恆恒桁横橫烆狟珩胻蘅行衡鑅鴴鵆鸻𠔲𠧿𡧦𤮏𥞧𦪗𦶙𧝒𩙯𪏓
heng4,4,啈堼悙横
hm5,1,噷
hng5,1,哼
hong1,50,㧦䆪䎕叿吽呍哄哅嚝巆揈渹灴烘焢硡薨訇謍谾軣輷轟轰鍧𠐿𠹅𢝁𢝻𤃫𤟼𥓰𥔀𥕗𦐳𦑟𦑠𦒃𦕠𨋮𨌁𨎗𩐠𩒼𩓅𩖉𩗄𩘇𩙛𪈘
hong2,106,㖓㗢㢬䂫䃔䆖䉺䜫䞑䡌䡏䧆䨎䩑䪦䫹䫺䲨仜共厷叿吰垬妅娂宏宖屸弘彋揈汪汯泓洚洪浤浲渱潂玒玜瓨硔竑竤篊粠紅紘紭綋红纮翃翝耾舼苰荭葒葓蕻虹谹谼鈜鉷鋐閎闳霐霟鞃魟鴻鸿黉黌𠪷𠲓𡇳𡵓𢂔𢘌𢬀𤂲𤄏𥏕𥥈𦁷𦏺𦐌𧈽𧐬𧮴𨌆𨥺𨹁𨾊𩘎𩶥𫚉𫟹𬭎
hong3,15,㬴䀧哄唝嗊愩晎𢗵𢦅𢼦𣽝𨢣𩒓𩕆𩕉
hong4,30,㗢㶹哄撔港澋澒蕻虹訌讧銾閧闀闂鬨鴻𠳃𡺭𥈿𥥡𥰲𦕷𦶓𧊯𧋔𧾧𩒴𩗢𩰓
hou1,6,呴齁𠯜𩙡𪅺𪖙
hou2,49,㗋㤧㬋㮢㺅䂉䗔䙈䫛䳧侯喉帿猴瘊睺矦篌糇翭翵腄葔鄇銗鍭餱骺鯸𡞥𡟑𡹵𢜴𣔹𣣠𣣡𥈑𥚦𦑚𦚥𦞈𦞕𧇹𧮶𧼵𩃺𪃶𪑻𬭤
hou3,11,㖃㸸吼吽呴犼𠴣𤘽𤙽𦍵𧻿
hou4,34,㖃㫗㰯㰻䗔䞀䞧䪷侯候厚后垕堠後洉詬豞逅郈鮜鱟鲎鲘𠷋𥀃𥅠𧙺𧩨𨒙𩄬𩘋𪄗𪇂
hu1,78,㦆㦌㧮㧾㫚㳷㺀䓤䨚䩐䬍䰧䴣䴯乎乯匢匫呼唿嘑垀寣幠忽恗惚惡戏戯戲昒曶歑泘淲淴滹烀糊膴芔芴苸虍虖謼軤轷雐雽𠥰𠦪𡧥𡱽𡼘𢑢𢽨𣓗𣡾𤇠𤎲𤐀𤶘𥇰𦁕𦩕𧇛𧠩𧢰𧦝𧩓𨕚𨖃𩂂𩖨𩳨𩶈
hu2,143,㗅㪶㯛㴶㽇㾰䁫䈸䉉䉿䊀䎁䚛䞱䠒䧼䩴䭅䭌䭍和喖嘝囫壶壷壺媩弧抇搰斛核楜槲汩沍湖瀫焀煳狐猢瑚瓠瓡瓳礐箶糊絗縎縠胡葫蔛虖蝴螜衚觳醐鈷鋘鍸隺頶餬鬍魱鰗鴩鵠鶘鶦鶮鶻鹄鹕鹘𠴱𡍐𡰅𡹹𢉢𢎵𢏯𢑹𢓲𢪏𣄟𣎚𣙶𣛫𣝗𣫈𣲑𣹬𤌍𤘵𤝘𤞲𤭱𤾅𥂤𥐿𥰪𥶜𥷆𥾨𦊧𦏗𦖼𦗣𦧘𦴉𦷳𦺟𧇰𧍵𧛞𧞒𧣼𧲥𧹾𧻰𨍲𨢋𨣗𨴬𩑶𩢪𩨔𩰯𩱍𩵬𩾻𪂒𪏻𪕉𪕮𪕱𪙈
hu3,24,䗂乕俿唬汻浒淲滸滹琥箎萀虎虝許许錿鯱𧆢𧆮𧌧𧰴𨛵𨝘
hu4,125,㕆㦿㨭㱿㷤㸦㺉䇘䊺䍓䕶䤕䨼䪝乥互冱冴嗀嗃嘑嚛姱婟嫭嫮岵帍弖怘怙戶户戸戽扈护摢擭昈枑楛槴沍沪洿淈滬濩熩瓠祜穫笏簄粐糊綔羽胍芐芦苦蔰虎虖觷護豰鄠鍙雇雽韄頀魱鱯鳠鳸鸌鹱𠯳𠰛𡉴𡜂𡞠𡴱𡵘𡻮𢆰𢚪𢨥𢨦𣑂𣲑𤘔𤜷𤨖𤹣𥢍𥢟𥲉𦊂𦊘𦬚𦭈𧂔𧅰𧆯𧗌𧘢𧥮𧥯𧦚𧲇𧹲𧿓𧿠𨝞𨢤𨥛𨱀𪄮𪍂𪏳
hu5,1,𩾇
hua1,28,㳸化吪哗嘩埖婲椛砉硴竵糀花芲華蒊蒍蘤誮錵𠝐𡁑𤙕𦧹𦶎𨣄𨶱𩝨
hua2,60,㕲㟆㠏㦊㩇㭉㮯䅿䔢䯏䱻䴳䶤侉划劃劐华哇哗嘩姡學找搳撶敌滑澮猾獪磆華蕐螖譁豁釪釫鋘鏵铧驊骅鷨𠳂𢼤𤁪𥉄𥢮𦧠𦽊𧑍𧨋𧪮𧽌𩤉𩨔𪉊𪗽
hua4,66,㓰㕦㕷㚌㼫䀨䇈䋀䛡划劃化华叱咶夻婳嫿嬅崋摦杹桦槬樺檴澅画畫畵稞粿繣罫腂舙華觟話諙諣譮话輠魤鮭黊𠤎𠿜𡺛𢄶𢦚𣶩𤼒𥒶𥧰𦁊𦖍𦧵𦪠𨶬𩂤𩗐𩲏𩵏𩸄
huai2,23,㜳㠢䃶䈭佪圳壞徊怀懐懷槐櫰淮瀤耲蘹褢褱踝𤜄𩌃𪊉
huai4,15,咶喟坏坯壊壞蘾𣟉𣩹𣸎𤜄𦏨𦧬𧱳𩟮
huai5,2,划劃
huan1,35,㹕䑏嚾孉巜懁懽欢欥歓歡犿獾讙豩貆貛酄驩鴅鵍鸛𠂄𡚊𡚜𣌓𣎅𤛚𥐓𥹚𨽧𩦘𩵄𩿊𪈩
huan2,77,㡲㵹㶎㿪䁵䝠䥧䦡䭴䴉䴋䴟圜垸嬛寏寰峘桓汍洹澴狟环瑗環瓛睔瞏糫絙綄繯缳羦荁萈萑蒝豲貆轘还還郇鉮鍰鐶锾镮闤阛雈雚鬟鹮𠟼𡄤𡍦𡘍𡩂𡱌𡷗𢟿𤩽𥹳𦣴𦻃𦼉𨕹𩍡𩑖𩙽𩡧𪊥𪍺𬘫
huan3,13,㣪㬊䈠攌睆緩缓𣴟𤀣𤼢𥶍𦑛𧡩
huan4,82,㕕㪱㬇㬊㹖㼫䀓䄆䆠䍺䒛䠉䯘䴷唤喚喛嚾圂奂奐宦嵈幻患愌换換援擐梙槵浣涣渙漶澣灌烉焕煥瑍環痪瘓皖眩睆綄肒脘藧螌蠸讙豢轘逭鯇鯶鰀鲩𠺐𠻍𡅱𡅻𡷗𤡟𤢁𤴯𤼐𤽅𤽕𥈉𥏇𥠅𦌦𦝝𧚁𧴊𨜌𪍺
huang1,30,㠵㡃㬻㼹䀮塃巟慌朚肓芒荒衁𡜋𡡄𡧽𡿰𢁹𢇟𣆖𣺬𤆴𤠛𤭉𥿪𧖬𧠬𨚳𩢯𪀞
huang2,81,㞷㾮䄓䅣䅿䊗䊣䍿䐵䑟䞹䪄䮲䳨䵃偟凰喤堭墴媓崲徨惶揘楻横湟潢煌熿獚瑝璜癀皇磺穔篁篊簧艎荒葟蝗蟥諻趪遑鍠鐄锽隍韹餭騜鰉鱑鳇鷬黃黄𠂸𡉚𤚝𤛥𤯷𤾑𦡽𦪗𧕸𨉤𨍧𨜔𨝴𨱑𩞩𪏍𪏒𪏙𫗮
huang3,36,㤺㨪㬻䁜䐠兤奛宺幌怳恍愰慌晃晄櫎汻炾熀熿爌縨芒茫荒詤謊谎𡧽𣄙𣉪𦟮𦬺𦵽𧨆𨾡
huang4,17,㨪㿠䁜䌙愰晃曂榥横洸滉潢皝皩鎤𥫼𨉁
huang5,1,慌
hui1,85,㞀㧑㫎㷇㹆㺔㾯䖶䜐䝅咴噅噕堕墮婎媈幑徽恢戲拻挥揮撝晖暉椲楎洃瀈灰灳烣煇煒珲琿皓眭睢睳禈翚翬蘳虺袆褘詼诙豗輝辉鑴隓隳鰴麾鼿𠓊𠯠𡒾𡯥𢀡𢊄𢯷𣄓𤕚𤟤𤾈𥃌𥌍𦭹𧉇𧗼𧳐𨦗𩀶𩻟𪀬𪈑𪏏𪑀𪖕
hui2,33,佪囘回囬廻廽徊恛洄烠痐繢茴藱蚘蛔蛕蜖迴逥違韋鮰𠲛𡋙𡰋𡹎𤜡𨛤𩢱𪀟𪛂𫚔
hui3,41,㩓㷄㷐䁤䃣䏨䛼悔檓毀毁毇泋烜烠燬蘬虫虺蛕螝譭𠧩𡢕𡭛𣸀𤃽𤈦𤌋𤳳𥊔𥍋𥶵𥸃𦞙𦽐𧗏𩃾𩗝𩶥𪏇
hui4,181,㑰㑹㒑㜇㞧㣛㤬㥣㨤㨹㩨㬩㰥㱱㻅䂕䅏䌇䕇䙡䛛䜋䢈䤧䧥䩈䫭䵻䶐会僡儶匯卉叀哕喙嘒噦嚖圚墮壞嬒孈寭屶屷廆彗彙彚徻恚恵惠慧憓晦暳會桧槥橞檅檜櫘殨毁汇沬泋洄浍涣湏溃滙潓澮濊烩燴獩璤璯瘣瞺秽穢篲絵繢繪绘缋翙翽芔荟蒐蔧蕙薈薉藱蚘蟪襘詯誨諱譓譮譿讳诲賄贿輠銊鏸鐬闠阓靧鞼韢頮顪颒餯𠍗𠧩𠱥𠽡𠿔𡏁𡜦𡥋𡹯𢄣𢅫𢊇𢕺𢟾𢻔𣋘𣨶𤆳𤜋𤸁𥀠𥔯𥱵𥴯𦂆𦒎𦡖𧏧𧖢𧧾𧬨𧭾𨊢𨍹𨗥𨘇𨘲𨵘𩆁𩇻𩒏𩒳𩔁𪊂𪔊𬤝
hui5,2,懳𣌭
hun1,28,㖧㗃䎜䡣婚惛惽昏昬棔殙涽湣焄睧睯荤葷閽阍𠉣𡨩𣇲𣣏𥄇𧠚𩅴𩔉
hun2,42,㑮㨡㮯䊐䐊䚠䮝䰟䴷䴹堚忶捆揮昆梡梱浑混渾湷溷煇珲琿緄緡繉轋顐餛餫馄魂鼲𣝂𣨿𦟲𨋨𨏂𩧰𪌽
hun3,4,惛𦃕𩽼𪑕
hun4,40,㥵䅙䅱䐊䚠䛰䧰䫟䵪俒倱圂婫慁掍昏棍涽混渾溷焝眃緄觨諢诨顐𠉣𡇯𡨳𣣞𦞢𦡵𦵣𧣢𨂱𨡫𩇇𩏖
huo1,19,㺢䦝剨劐吙呵嚄搉攉火耠豁鍃锪騞𨷮𩦐𩭳𬴃
huo2,17,䄆䄑䣶佸和姡活秮秳萿越趏𡯢𢋒𤻙𦨯𧵻
huo3,12,㶡伙夥扮漷火灬邩鈥钬𤆄𤬁
huo4,127,㓉㖪㗲㘞㦎㦜㦯㨯㩇㯉㶁㸌㺢䁨䂄䄀䉟䐸䨥䬉䰥䱛俰剨劐化和咟嚄嚯嚿壑奯惑或捇掝擭攉旤曤楇檴沎湱漷濊濩瀖焃獲瓠癨眓矆矐砉礊祸禍穫篧耯膕臛艧获蒦藿蠖諕謋豁豰貨货過鑊镬閄隻霍靃𠙞𠯐𠵾𡄴𡓘𡪞𡾜𡿿𢃎𢛯𢝇𢞕𣄸𣉒𣤨𤁹𤊴𤏘𤐰𥇙𥊮𥒠𥙨𥝂𥽥𦑌𦑱𦒧𦞦𧆑𧤴𧯆𧯱𧹴𨌝𨐶𨘌𨙀𩆀𩞺𩟨𩟸𩪭𪒩
huo5,1,伙
ji1,215,㚻㛷㞓㦘㫷㮷䀘䁶䂑䇧䇫䈕䐚䕤䗗䛴䟇䳶丌乩倚僟其几击刉刏剞勣卟叽呰咭唧喞嗘嘰圾垍基墼奇妓姫姬居屐嵆嵇幾庴憿懠撃撽擊攲敧朞期机枅棋槣樭機櫅毄汲激犄玑璣畸畿癪矶磯禨积稘稽積笄筓箕簊緝缉羁羇羈耭肌脔芨苙萁蘄虀虮襀覉覊覘觭諅譏譤讥谿賫賷赍跂跡跻踑踦蹟躋躸迹鄿銈錤鐖鑇鑙隔隮雞鞿韲飢饑饥鳮鶏鷄鸄鸡齊齎齏齑𠀃𠀷𠋻𠍃𠔋𠚽𠟣𠴩𠷌𠼻𡇟𡫀𡳮𡿙𢁂𢆻𢡴𢨐𢩦𢼋𣇳𣪠𣬠𣰈𤋭𤌿𤳎𥘌𥡒𥨿𥫶𥰦𥳏𥺵𥾡𦌰𦠄𦳌𦺬𦼷𦿓𧐐𧗒𧫠𨅤𨊻𨍺𨐆𨖊𨮺𨲪𨳻𨹶𨻕𩉜𩐆𩚮𩜆𩠨𩨒𪅹𪌍𪔋𫌀𫓯𫓹𬯀
ji2,217,㔕㗊㗱㘍㙫㞋㠍㠎㡮㤂㥛㧀㭲㲺㴕㸅㻷㽺㾊䁒䐕䚐䞘䟌䣢䩐䩯䯂䲯䳭乁亟亼亽伋佶偮卙即卽厝及叝吇吉圾堲塉姞嫉尐屰岋岌嶯庴彶忣急愱戢揖揤极棘楖楫極槉橶檝殛汲洁淁湒潗濈焏狤疾瘠皀皍瞿秸笈箿簎籍級緝级耤胔脊脨膌艥艻莋蒩蒺蕀蕺藉蜡蝍螏蠀襋覿觙諔诘谻趌趞踖蹐躤輯轚辑郅郆銡鍓鏶集雦雧霵革鞊鶺鷑鹡𠑃𠓞𠗏𠢠𠦫𠨠𠫷𠯉𠶻𠹋𠿠𡁰𡃃𡅺𡦪𡹪𢃺𢉗𢏞𢔔𢨐𢰒𢱣𣏡𣖷𣛔𣜇𣣝𣲡𣳃𣹜𤊵𤎗𤠎𤷉𤺷𤿠𥈂𥊬𥋥𥒡𥕂𥖙𥠋𥮪𦎢𦝖𦞽𦠾𦩧𦵾𦶍𦺩𦺴𧈼𧉆𧉍𧎿𧤏𧥄𧧩𧩦𧪠𧮭𧽑𧾢𨂢𨋉𨛳𨤹𨦮𨪏𨸚𩀖𩢴𩦤𩴃𪂺𪄸
ji3,57,㚡㞆㞛㞦㦸㧗㨈㴉䍤䢳䤒丮几妀嵴己幾戟挤掎撠擠極泲济濟犱穖紀給纪给脊虮蟣蟻踦颳魕魢鱾麂𠮯𠱨𢓄𢜭𤜝𤜾𥪼𥾊𧾾𨄐𨒴𨳋𩉢𩯋𪂍
ji4,259,㑧㒫㓹㙨㞃㠱㡭㤅㥍㨳㮨㰟㲅㳵㸄㹄㻑㾵䀈䋟䐀䓽䗁䛋䜞䝸䠏䢋䤒䦇䨖䮺䰏䱥䶓䶩伎偈其兾冀剂剤劑哜嚌坖垍塈妓姼季寂寄峜帺幾廭彐彑徛忌悸惎懠懻技擊旡既旣暨暩曁梞檕檵櫅櫭汥洎济済漃漈濟瀱猗璾畟疵痵瘵癠睽瞉祭禝禨稩稷穄穊穖穧粢系紀紒結継績繋繫繼纪继绩罽肌臮芰茍茤荠葪蓟蔇薊薺蘎蘮蘻蟿裚襀覬觊計訐記誋諅计记跽踑际際霁霽騎驥骥髻鬾魝魥鮆鯚鯽鰶鰿鱀鱭鲚鲫鵋齊齌齍齐𠨕𠱙𠲹𠴫𠿉𡁪𡋚𡜱𡥞𡦊𡪱𡬄𡽉𢁂𢍇𢗂𢗹𢚁𢢞𢭄𢺼𢼷𣄯𣄱𣔽𣪠𣯅𣱗𣽍𤓑𤛄𤤋𤫝𤵀𤺗𥠈𥡴𥣩𥪫𥭋𥭌𥭜𥷙𦁳𦂑𦆡𦇧𦋋𦌗𦜸𦪱𦮯𦮼𦺶𦾲𧃞𧇯𧓓𧙁𧟜𧡉𧡯𧢾𧧃𧧟𧪇𧫜𧾽𨀶𨂢𨛉𨛑𨜒𨢵𨣧𩓮𩞊𩥉𩧱𩩛𩯰𩼄𩼚𪄵𪊆𪘥𪟝𬶨𬶭
jia1,79,㚙㹢䂟䇲䕒䴥乫伽佳傢加咖嘉埉夹夾宊家抸拁挟挾擖枷梜椵毠泇浃浹犌猳珈痂笳筴糘耞腵茄葭袈袷裌豭貑跏迦鉫鉿鎵镓駕麚𠷉𠺢𡩚𡭘𡶥𢪍𣪇𣮫𤟚𤠙𥝿𥡮𥹌𦎮𦙺𦣯𧉪𧦤𨔗𨔣𩊏𩶛𪐓𪔟𬂩
jia2,66,㕅㪴㮖㿓䀫䀹䕛䘥䛟䩡唊圿夹夾岬忦恝戛戞扴拮挈揩揳猰筴絜荚莢蛱蛺袷裌跲郏郟鋏铗頡頬頰颊餄骱鴶鵊𡊠𢗊𢫢𥇗𥑔𥞵𦎱𦧮𦸘𦺧𦽤𧿵𨒇𩉡𩚲𩛩𩠃𪇷𪈟𪙏
jia3,35,䑝假叚呷嘏夏婽岬徦押斚斝暇柙椵榎槚檟玾甲瘕胛蝦賈贾鉀钾𣦉𤖰𤗜𥑐𩌍𩨹𩲣𪆲
jia4,23,㸦价假價嫁家幏架枷榢稼賈駕駱驾𢉤𢜿𢱈𢱌𥋣𦙺𦨦𨔣
jia5,1,家
jian1,171,㓺㔋㡨㦰㪠㭴㹇䌑䌠䓸䔐䘋䶢䶬傔兼冿咸喊囏坚堅奸姦姧孱尖帴幵惤戋戔揃搛攕椷椾樫櫼歼殱殲沮浅淺渐湔溅漸濺瀐瀸煎熞熸牋犍猏玪瑊监監睷碊礛稴笺箋篯籈籛緘縑纖缄缣肩艰艱菅菺葌蒹蔪蕑蕳虃覸豜豣趼軒銒鋑鋻鐧鑯閒間间靬鞬鞯韀韉餰馢鰔鰜鰹鲣鳒鳽鵳鶼鹣麉黚黬𠫘𠷁𠼤𠿏𡄑𡬵𢃬𢐆𢦺𢨿𢳚𣘖𣘷𣚙𣝕𣮏𣽖𤍖𤪋𥊇𥌈𥡝𥻧𦋰𦏔𦣨𦽇𧂢𧢖𧤨𧥈𧲨𨔥𨳡𨳿𨴾𩅼𩆯𩆷𩇏𩋋𩌯𩍎𩎒𩛧𩱃𪃋𪏊𪐻𪒹𪙨
jian3,147,㔓㨵㳨㶕䄯䅐䉍䚊䟰䭕䭠䮿䵡䵤䶠俭倹儉减前剪劗咸囝堿帴弿彅戩戬拣挸捡揀揃揵撿暕枧柬梘检検楗橏檢涀減湕瀽煎犍瑐睑瞼硷碱礆笕筧简箴簡籛絸繭翦茧藆蠒裥襇襉襺詃謇謭譾谫趼蹇醎醶錢錽鐗鐧锏閒間險騫鬋鰎鹸鹹鹻鹼齊𠍚𠏇𠐻𠹟𠽱𡄓𡅶𡑯𡭭𡸃𡾰𢆞𢍫𢩀𢵈𣜭𣠷𣥞𣳲𤄒𥀹𥍀𥍹𥜲𥢇𥳒𥳟𥳷𦁲𦂇𦢣𦺍𦺘𧀇𧅆𧬫𧮈𧸘𨢑𨣇𨣝𨤄𨰓𩉍𩟗𩽜𪉦𪒫
jian4,155,㣤㨴㯺㰄㵎䇟䟅䤔䥜䧖䫡䬻䭈䭙䯡件侟俴健僣僭剑剣剱劍劎劒劔塹墹寋建徤揵擶旔朁栫梘楗榗槛檻毽洊涧淺渐湔溅漸澗濫濺瀳煎牮犴珔监監瞯瞷磵礀箭糋繝聻腱臶舰艦茛荐葥蔪薦螹袸見覵见諓諫譖譼谏賎賤贱趝跈践踐踺轞釰釼鉴鋻鍊鍳鍵鏩鐱鑑鑒鑬鑳锏键閒間间鞬餞饯𠊒𢆦𣚙𣴓𣽦𤀩𤧣𤷃𥯦𥴱𥽐𦞬𦩵𦾶𧀵𧂂𧂆𧗸𧙧𧤽𧧅𨍒𨎫𨏊𨪅𨵭𨷓𩅼𩉔𩤊𩻘𪃛𪆿𪉦𪋁𪙨𬣡
jian5,1,橺
jiang1,49,㹔䗵䜫僵壃姜将將彊摪槳橿殭江浆漿畕畺疅疆礓糨繮缰翞茳葁蔣薑螀螿豇韁鱂鳉𠘌𡷍𢪇𤕭𤕯𤛜𥆅𥔣𥗪𥬮𦦗𧘍𨃇𨜰
jiang3,29,㢡㯍䁰䉃䋌䒂傋勥塂奖奨奬將桨槳獎耩膙蒋蔣講讲顜𡏞𡑶𣫳𤖛𥷃𩌾
jiang4,50,䞪䥒勥匞匠夅将將嵹弜弶強强彊摾櫤洚浆滰漿犟畺疆糡糨紅絳绛蔃虹袶謽酱醤醬降𠷐𠼢𡲣𢘸𣚦𣨣𣩴𥞜𨯞𩝽𩴒𩷄𩷭𪀘
jiang5,1,杢
jiao1,104,㲬㶀䌭䍊䙼䢒䴔䶰交佼僥僬儌咬嘄嘐噍姣娇嫶嬌峧嵺嶕嶣徼憍憢挍撟教椒橋浇湫澆激焦燋矯礁穚簥胶膠膲艽芁茭茮菽萩蕉蕎虠蛟蟭跤轇郊鄗鐎驕骄骹鮫鲛鵁鷦鷮鹪𠝑𠩏𡏭𡓖𡟠𢧱𣝞𣺳𤺃𥃪𥄉𥉼𥹜𦅃𦌆𦫶𧣦𨎦𨓩𨨴𨱓𨶲𨸋𩎔𩥊𩴧𩵰𩾗𩾾𩿑𪁉𪚰
jiao2,3,嚼矫矯
jiao3,126,㡑㩰㭂㳅㽱㽲䀊䁶䉰䕧䘨䚩䥞䰘佼侥僑僥僬儌剿劋勦卻咬喬妖姣孂徺徼恔憿挢捁搅摎摷撟撹攪敥敫敽敿晈暞曒校樔橋湫湬潐灚烄煍燞狡璬皎皛皦矫矯笅筊糾絞繳纐绞缴脚腳膠臫蟜角譑賋踋蹻釥鉸铰隦餃饺鱎𠕧𠜅𠞰𡙎𢀌𢄺𢅎𢯴𢶡𢻟𣁹𣏑𣧦𣩓𤃭𤉧𤶀𤶳𥂨𥃤𥃧𥅟𥇟𥉒𥏹𥳴𦗵𧂈𧎙𧎸𨇕𨖵𨝰𨶟𨶪𨺹
jiao4,84,㠐㬭㰾㹾䂃䚩䡈僬叫叽呌嘂嘄嘦噍噭嚼嬓學峤嶠徼悎挍敎教敫斠校橋滘漖潐激灂爝獥珓皭稾窌窖筊絞繳藠覺觉訆譥趫趭較轎轿较酵醮釂餃𠘣𡥈𡬋𢒾𢕪𢥚𢺽𢼫𤕝𤫷𥘊𥡤𥦢𦮁𧺜𧾐𨎬𨡃𨲭𩊔𩏷𩯘𩱞𪖄
jiao5,2,櫵鵤
jie1,66,㓩㡇㫸䃈䕸䥛䦈亥偕喈喼嗟嚌堦媘嫅差担接掲揭擑椄楷湝煯疖痎癤皆祖秸稭節結结罝脻节苴菨蝔街裓謯鍇阶階鞂鶛𠙤𣆟𣶏𤭧𤮌𥷫𦀓𦁉𦈰𦝨𧞝𧪘𩘅𩩰𪉚
jie2,209,㓗㔚㔾㘶㛃㞏㞯㠎㦢㨗㨩㮞㮮㸅㼪䀷䀹䂝䂶䅥䌖䕙䗻䣠䥛䫘䲙倢偈偼傑刦刧刼劫劼卩卪唧啑圾契婕媫孑尐岊崨嵑嵥嶻巀幯截扢拮捷掶搩擮擳昅杰桀桔桝椄楬楶概榤櫭洁洯渴滐潔狤疌睫砝碣礍竭節紇紒結絜结羯脥节莭蓵蛣蜐蝍蠘蠞蠽衱袷袺訐詰誱讦诘趌跲踕迼鉣鍻鞊頡颉髻魝鮚鲒𠂈𠄍𠅂𠐉𠬮𠯙𠲵𡉷𡔣𡙣𡣯𡨲𡩣𡴱𡵒𡸎𡽱𢈻𢎔𢎡𢢂𢨜𢪍𢫐𢬱𢮌𢱄𢴲𢷿𢻮𣓉𣙴𣚃𣮌𣮍𣰞𣲡𣳟𤁢𥁂𥅴𥇒𥓐𥝔𥝥𥠹𥢻𥵞𥾌𦀖𦈜𦎒𦵴𦺢𦿐𧉧𧍠𧍩𧏥𧞩𧞬𧫑𧼨𧽄𧽟𧾢𧾯𨃲𨓰𨕽𨥂𩔄𩟦𩟶𩢴𩧵𩯰𩾶𪀾𪁍𪃈𪅸𪇲𪉋𪌧𪖋
jie3,12,她姐媎檞毑獬袓解觧鍇飷𠎿
jie4,77,㑘㝏㠹㾏㿍䁓䇒䛺䯰䰺䱄䲸丯介价借吤唶嗟堺妎屆届岕嶰庎徣悈戒拾斺暨楐楷犗玠琾界畍疥砎籍紒耤艐芥藉蚧蛶衸褯解觧誡諎诫鎅雃骱魪鶛𠓢𠷟𡗦𡗲𡵚𣬫𤘦𤙩𧜅𧣋𨐑𨵠𩡺𩧦𪑹𪙏
jie5,4,价假價家
jin1,65,㦗㧆㻱䃡䃸䈥䈽䌝䘳䤺今兓埐堻嶜巾惍斤津濜珒琻璡矜矝砛禁竻筋紟肋荕菳衿襟觔金釒釿钅鹶黅𠂟𠰇𢎭𢦊𤣶𤧫𥂵𦈟𦘔𦞬𦩏𧗁𧢹𨆃𨔥𨭺𩀿𩤿𩻛𪉢𪑙𪖼𬬱
jin3,45,㝻㯸㹏䌍䐶䒺䤐䥆䭙仅侭僅儘卺厪堇婜嫤尽巹廑慬斳槿漌瑾盡紧紾緊菫蓳謹谨錦锦饉馑𢬬𣝌𥖜𥧲𥯑𨚡𪏴
jin4,112,㦗㨷㬐㬜㯲㱈㴆㶦㶳䀆䆮䋮䌝䑤䗯䝲䫴䶖仅伒僅僸儘凚劤劲勁吟唫噤嚍堇墐壗妗嫤嬐嬧寖尽慬搢晉晋枃榗歏殣浕浸湛溍濅濜烬煡燼琎瑨瑾璡璶盡祲禁笒紟縉缙臸荩藎覲觐賮贐赆近进進金鋟靳馸齽𠞱𠞾𠢱𠢵𠬶𠾤𠾬𡢳𡥦𡥨𡺽𢉅𢙿𢬶𢱷𢽖𣓏𤄼𤘡𤧫𤵞𥧲𦎷𦧈𦽔𧔷𩖗
jing1,77,㸒䪫䴖京亰仱兢坕坙婛巠徑惊旌旍晟晶橸殑氏泾涇猄睛秔稉箐粇粳精経經经聙腈茎荆荊莖菁葏蜻醒鋞青驚鯨鲸鵛鶁鶄麖麠鼱𠳬𡁔𢀖𢈴𣋢𣻒𤜰𤷦𥠛𦀇𦂠𦜳𦽁𦾿𧓔𧚫𧤵𩓨𩳯𩹢𪂴𪇒
jing3,41,㘫䜘丼井儆刭剄坓宑幜憬憼擏景暻汫汬烴獷璄璟璥睛穽肼蟼警阱頚頴頸颈𠑱𠭉𠭗𢹘𤰳𧑊𨙷𨥙𩻱
jing4,80,㢣㣏㬌㵾䔔䝼䵞井俓倞傹净凈劲勁境妌婙婧弪弳径徑憼擏敬曔桱梷檠殑浄淨瀞獍痉痙竞竟竧竫競竸精經经胫脛葝誩踁迳逕鏡镜陘靓靖靘静靚靜𠗊𠗌𠦋𠲮𠷐𣬙𥅸𥯙𥶹𦥍𦳲𨁎𨵼𩃋𩇕𩓞𩩋𩰹
jing5,1,燝
jiong1,27,冂冋冏坰坷垧埛扃扄泂浻瀅絅蘏蘔銄顈駉駫𠕕𢂶𣅻𣕄𨴀𪔃𪕍𬳶
jiong3,47,㓏㢠㤯㯋㷗㷡䌹䢛侰僒冂冋冏囧扃昋泂浻澃炅炯烱煚煛熒熲燛窘絅綗臦臩褧迥逈鎣顈颎𠖷𡆩𢄗𣔲𤌇𦀝𧍮𩓺𩚱
jiong4,1,䅃
jiu1,64,㥢㧃㸨㽱䆶䡂丩九剹勼啾噍愁揂揪揫摎救朻樛湫牞稵穋究糺糾繆纠萛蝤赳阄鬏鬮鳩鸠𠃖𠕴𠖬𠚨𠠳𠿈𢀙𢜥𣁭𣟼𤴥𤴦𤴪𥠃𥤳𦭺𦱠𦱱𦱲𦽬𧳫𨳊𩏶𩏷𩭓𩱼𪀏
jiu2,1,㺵
jiu3,26,㡱久乆九乣奺杦氿汣灸玖糺紤舏酒镹韭韮𠛩𠜉𠴄𡚮𣲄𤉥𨾉𨾞
jiu4,70,㙀㝌㠇㤹㩆㲃㺩䅢䆒䊆䊘䓘䛮䡂䬨䳎䳔倃僦匓匛匶厩咎就廄廏廐慦捄救旧柩柾桕欍殧湫疚究臼舅舊赳鯦鷲鹫麔齨𠃺𠙔𠜃𠣿𡆥𢑇𢽭𤷑𥆷𥘦𦠢𦭻𧡑𧫾𧾻𨖏𨘂𨘮𩒦𩢹𩶧
jiu5,2,蹴𣐤
juan1,41,䅌䖭䣺勌勬圈姢娟捐朘梋泫涓焆瓹睃脧蠲裐身鋑鋗鎸鐫镌鞙鵍鵑鹃𠡶𡱑𢝓𥅬𦬾𦮻𧎖𨌫𨩸𩎳𩔱𩘒
juan3,30,㷷卷呟圈埍埢帣捲擐臇菤蕊蜷踡錈锩闂𡫂𢃩𢋄𤎱𦊌𦢿𧕲𨹵𩏗𩜇𩟥𩠉
juan4,80,㢧㢾㪻㯞䄅䌸䖭䚈䡓䳪倦劵勌卷圈奆婘巂巻帣弮悁惓慻捲桊棬淃狷獧瓹甄眩眷睊睠絭絹縳绢罥羂腃萒蔨襈鄄鋗隽雋韏飬餋𠔉𠢚𡘰𡡀𢍏𢎠𢎥𣙢𣚓𣜨𣬋𣬏𤲨𤺻𥁠𥆞𥱽𦁆𦦽𦳽𦼱𧭦𧯦𨆈𨤑𩏹𩜇
jue1,13,嗟噘屩撅撧繑蹻鞽𢱺𢴭𩌡𪨗𫏋
jue2,249,㔃㔢㟲㤜㩱㭈㭾㰐㲄㵐㷾㸕㹟㻕䀗䁷䇶䊽䍳䏐䏣䐘䖼䘿䙠䝌䞷䠇䡈䣤䤎䦆䦼䳏䶂乙亅倔傕决刔劂勪匷厥叕吷啳噱嚼埆壆夬妜孒孓屈屫崛崫嶡嶥弡彏憠憰戄抉挗捔掘撅攫斍柽桷梏構橛橜欔欮殌氒決泬潏灍焳熦燋爑爝爴爵狂獗玃玦玨珏瑴璚疦瘚矍矞矡砄穱穴絕絶繘绝脚腳臄芵蕝蕞蕨虳蚗蛙蟨蟩蠼袦覐覚覺觉角觖觳觼訣譎诀谲貜赽趉趹蹶蹷蹻躩較逫鈌鐍鐝钁镢闋闕駃騤髉鱖鴂鴃鶌鷢龣𠀔𠄌𠄑𠊬𠎮𠜾𠢤𠨊𠫃𠶸𡈅𡚠𡲗𡳾𡾜𢁪𢎹𢏷𢔱𢖦𢨏𢩯𢯅𣅡𣖬𣬎𤛦𤞴𤟎𤹋𤼗𥄴𥆌𥏘𥕲𥛯𥤘𥪊𥾮𦁐𦏅𦓐𦛲𦠒𦪘𧍕𧗫𧝃𧣸𧤼𧥎𧮫𧮬𧱝𧺐𧼨𧽸𧾵𧿺𨊿𨏹𨟠𨬐𨰜𨼎𨼱𩊺𩍷𩏺𩓻𩧏𩧡𩪗𩰨𪁠𪈴𪖜𪚅𫔎𫘝𫛞
jue3,3,䞵䟾蹶
jue4,5,倔撅誳𣨢𥈾
jun1,40,㚬䝍军匀君均姰旬桾汮皲皸皹碅筠莙菌蚐袀覠軍鈞銁銞鋆鍕钧鮶鲪麇麏麕龜龟𠀹𠣕𢻸𦇘𦌺𧽔
jun3,1,𢉦
jun4,73,㑺㒞㕙㖥㝦㴫㻒㼱㽙䇹䐃䕑䜭䝍俊儁卷呁埈寯峻懏捃攈攟晙棞浚濬焌焞燇狻珺畯睃竣箘箟菌葰蔨蜠訇郡陖隽雋餕馂駿骏鵔鵕鵘𠨢𢹲𤮪𥇘𥚂𥜮𥡣𦴌𦵼𧥺𧯖𧱝𨌘𨛐𨲄𨶊𪍁𪕞
ju1,105,㖩㞐㡹㪺䅕䝻䢸䪶䱟且仇佝俥俱凥匊告娵娶婮居崌抅拘挶捄据掬揈揟梮椐沮泃涺狙琚疽痀眗砠租罝腒臄艍苴菹蛆蜛裾諊趄跔踘車軥车鋦鋸锔锯陱雎鞠鞫駒驕驹鬻鮈鴡鶋𠟰𠤄𠮑𠰾𡨢𡫬𡱾𡸘𡸨𣻐𥇛𥕑𥘮𥪏𥷚𦀣𦛓𦜛𦱅𧵞𧹕𧺤𨁺𨛮𨧙𨨠𩋜𩍔𩍸𪂓𪗖𬶋
ju2,107,㘲㥌㩴㮂㹼㽤䋰䎤䏱䕮䗇䜯䡞䤎䪕䰬䱡䳔䴗侷僪啹婅局屈巈拘拱桔椈橘檋毩毱泦淗湨焗犑狊粷菊蓻蘜趉趜跼蹫蹻躹輂郹鋦锔閰雛駶驧鵙鵴鶪鼰鼳𠋬𠜹𠨭𠩉𡉎𡨅𡳘𡶋𡿾𢩁𣎛𣐊𣓌𣖣𤓯𤜔𤼳𥢧𥮗𦅽𦙮𦥑𦺖𧄛𧤑𧷾𧻗𧽻𧾣𧿻𨋔𨋧𨍯𨗝𨸰𩛺𩧺𩫴𩬜𩭊𩳵𩷐𪀣
ju3,50,䃊䄔䅓䢹䶥举咀岨弆拒拘挙擧枸柜椇榉榘櫸欅沮疽矩筥籧聥舉莒萭蒟襷踽郰鉏鋤齟龃𡕖𡢒𢤫𢯺𣌬𥄷𥈋𥯔𥴧𦇙𦞇𦥑𧺹
ju4,146,㘌㜘㞫㠪㨿㩀㬬㯯㵵䀠䈮䛯䣰䱟䵕䶙乬俱倨倶具冣剧劇勮句坥埧埾壉姐姖寠屦屨岠巨巪忂怇怐怚惧愳懅懼拒拠据據昛歫沮洰渠澽炬烥焣犋珇瞿秬窭窶簍簴粔耟聚苣菹蒩蔞蘧處虡蚷螶袓裾詎讵豦貗趡足跙距踞躆遽邭鄒鄹醵鉅鋸鐻钜锯雛颶飓駏駒鮍鮔𠉧𠙆𠚵𡒍𡥶𢚆𣍇𣶝𤔋𤖵𤢓𤷢𥂃𥇛𥉁𥬙𥲜𥴪𦊐𦗻𦟳𦼈𧂜𧝲𧣒𧣻𧲋𧸧𨝮𨸰𩉸𩜃𩧒𩰤𩴘𩿝𪀏𪁥
ju5,1,爠
ka1,9,㮟䘔呿咔咖咯喀擖衉
ka3,8,佧卡咔咯垰胩裃鉲
kai1,17,㚊㱾䤤奒开揩鐦锎開𡙓𢔡𢾆𤡲𥻄𦂄𦈲𨴆
kai3,33,䁗䐩䒓䠽凯凱剀剴嘅垲塏嵦恺愷慨暟楷蒈豈輆鍇鎧铠锴閡闓闿雉颽𠢲𢋝𥃣𥏪
kai4,33,㪡䡷䫦劾勓喝喫嘅幆忾愒愾核欬欯渴溘濭炌炏烗輆鎎𡁁𡳂𢢚𤉫𤐩𤸱𤻜𥎆𩋧𩫀
kan1,20,㘛㪁䁍刊勘堪嵁戡栞看靬龕龛𡺗𢦟𤬪𥑫𦞖𧡵𩑟
kan3,41,㙳㸝䖔䫲侃偘冚凵坎埳堿塪惂扻槛檻欿歁砍竷莰衎輡轁轗顑𠝲𠪚𡸞𣣒𣽌𥑫𥤱𥦔𧇦𧱄𨍜𩐬𩒃𩓟𩜱
kan4,30,䀍䘓䳚喊坎墈崁嵌監看瞰矙碪磡竷薟衎輱闞阚餡𡚜𡶪𢙮𣊟𥍓𥓒𧯰𨒞𪉯
kang1,38,㝩㢜㱂㼹䆲䗧嫝嵻康忼慷杭槺漮砊穅粇糠荒躿邟鏮闶鱇𠾨𡐓𡵻𤮊𥉽𥕎𥹺𨀫𨂟𨄗𨎍𨝎𨻷𩾌
kang2,3,扛摃𢴦
kang3,7,䡉伉奋骯𠻞𡻚𣔛
kang4,23,㢜䦎亢伉匟囥坑康抗杭沆炕犺砊羫邟鈧钪閌闶阬𥒳𪎵
kao1,6,䯌尻嵪訄髛𩩾
kao3,18,㼥䯪丂拷撟攷栲洘烤熇考薧𣐊𣧏𣨻𣩅𥬯𥹬
kao4,23,㸆䎋䐧䯪搞槀槁洘焅熇犒稾銬铐靠鮳鯌鲓𡭳𧋓𨃤𨘴𩝝
ke1,73,㸯䂺䈖䌀䐦䯊匼呵嗑坷嵙搕柯棵榼樖牁犐珂疴痾瞌砢磕礚科稞窠窼簻胢苛萪薖蝌趷軻轲醘鈳鉿錒钶頦顆颏颗髁𠏀𠲙𡸡𡻘𢈈𢩘𣧤𣩱𤖇𤰙𥃕𥝹𥠁𥧇𦝣𧎗𧨵𧵛𧿫𨍰𨏿𨢸𩏭𩜭𪍎
ke2,7,咳壳揢殼翗頦颏
ke3,29,㞹㪙㪡㪼㵣䡷䫘可坷岢嵑嶱敤棵毼渇渴炣盍碣磆磕轲顆𢩐𢼐𤸎𪀉𪓮
ke4,77,㕉㕎㝓㤩㥛䆟䓇䙐䶗克刻剋勀勊可喀嗑堁娔客尅峇恪悈愘愙歁氪溘濭硞碦礊科緙缂艐蚵袔課课錁锞騍骒龕𠛳𠡜𠡤𠢹𠩧𠪒𠪟𠳭𠶲𠷄𡞢𡱼𢩏𢾩𣩄𣲊𣹇𤛗𤸱𥊉𥔽𥦨𥯚𧈗𧛾𧜡𧠋𩭽𩰻𩱘𪃭
ke5,1,喀
kei1,3,刻剋尅
ken1,1,𩎤
ken3,21,啃垦墾恳懇狠肎肯肻豤貇錹頎齦龈𠳁𣍟𣥤𤀊𥖞𨼯
ken4,7,㸧垠掯珢硍裉褃
keng1,48,㧶㰢䀴䃘䡩䡰劥吭坈坑奟妔挳揁摼殸牼硁硍硎硜硻脛誙踁鉺銵鍞鏗铿阬𠠷𠡮𡷨𣢐𣢴𣫒𥉸𥑅𥑒𥒁𥒱𥥳𧀘𨋔𨌳𨌶𨍑
keng3,4,䡰忐硻𡞚
kong1,26,㚚㲁䅝倥埪崆悾控椌涳硿穹空箜躻錓鵼𠀝𢃐𢷙𢽦𥔇𦱇𧌆𧚬𪔣
kong3,13,㤟倥孔恐悾空𡤿𢪬𣏺𤤲𥥅𦶐𩲧
kong4,8,㸜控矼空腔鞚𤗇𦁈
kou1,21,䁱刳剾嫗彀彄抠挎摳毆眍眗瞘芤鏂𠛅𢂁𢄠𣂻𦬅𫸩
kou3,8,㸸劶口竘𢼃𤘘𨙫𨥴
kou4,40,㓂㜌㰯䍍䳹佝冦區叩宼寇怐扣敂溝滱瞉窛筘簆茠蔲蔻釦鷇𡠆𡯷𢚫𢟭𣻎𣿟𥊧𥲃𦴎𦶲𧥣𩀠𪄺𪇄𫃜
ku1,57,㗄㩿㪂㱠㲄㵠䂗䉐䧊䯇刳古哭圐圣堀崫扝挎掘搰朏枯桍泏矻窋窟跍郀骷鮬𠠶𡀙𡉄𡑚𡑣𡗵𡶏𡼿𢏆𢼁𣗺𥈷𥌄𥟾𥧋𦜇𦡆𧠂𧷎𩑔𩑡𩑶𩨳𪇄𪍠
ku2,1,𦛏
ku3,7,䇢楛狜苦𡞯𥯶𩇵
ku4,34,㠸䔯䵈俈喾嚳库庫廤捁焅瘔硞秙絝绔袴裤褲趶跨酷鮬齁𠺟𥞴𧊘𧿉𧿋𨐡𨡱𩊓𩱙𪌓
kua1,22,㛻䓙䠸䦱䯞夸姱恗晇絓舿華誇跨𠇗𡇚𡗢𡗸𥑹𦮃𨕺𨵧
kua3,14,㡁侉咵垮夸楇胯袔跨銙錁顝𢄳𩊓
kua4,13,㐄䦚夸挎胯跨骻髁𡕒𡱼𢓢𥏤𨃖
kuai3,10,㧟䓒擓蒯𠣲𡚅𣫉𦳋𩦱
kuai4,53,㔞㕟㙕㟴㱮㹟䈛䭝䯤会侩傀儈凷哙噲圦块塊墤巜廥快旝會檜浍澮狤狯獪璯筷糩脍膾蒯蕢郐鄶駃鬠魁鱠鲙𠜐𡼾𢢞𢾒𥢶𦔦𨛖𫐆
kuan1,10,完宽寛寬臗鑧髋髖𣎑𥦀
kuan3,18,㯘㱁䕀䥗䲌梡棵欵款歀窽窾顆𢕫𢴪𣢻𣽟𥟓
kuang1,30,㑌㚚䒰䖱䯑劻匡匩哐恇框洭硄筐筺誆诓軭邼𢼑𢼳𤝿𦚞𧻔𧻺𨀕𨏆𨴑𩢼𩬹
kuang2,21,㾠呈忹抂枉框狂狅誑诳軖軠迋逛鵟𣴥𤞇𦥰𨖢𩷗𫛭
kuang3,5,儣壙夼懭爌
kuang4,52,䊯䵃丱兄况卝圹壙岲廣懬旷昿曠框況湟爌眖眶矌矿砿磺礦穬絋絖纊纩貺贶軦邝鄺鉱鋛鑛黋𡶢𡾇𣍦𣒸𥈏𦚞𧥌𧿈𨇁𨥑𨨭𪍿𪏪
kui1,24,㨒䯓亏刲岿巋悝盔窥窺聧蒍蘬虧闚顝𡐠𡓰𡤞𥁇𧢦𧻲𩏣𪖢
kui2,65,㙓㙺䕫䖯䞚䟸䠏䠑䤆䧶䫔䳫喹夔奎巙戣揆晆暌楏楑櫆歸犪睽葵藈蘷虁蝰踩躨逵鄈鍨鍷闋隗頄頯馗騤骙魁鮭𠊾𡌤𢌳𢜽𤵮𥜶𦝢𧍜𧡦𧢦𨾎𨾗𩕜𩠮𩲅𩲷𩵉𩹍𪆴
kui3,26,㒑㚍䃬䠑䫥傀奎尯煃磈窺缺跬蹞逵頃頍魁𢜽𢼀𣄲𣥮𥪊𧻜𩓗𫠆
kui4,66,㕟㚍䕚䙆䙌䙡䠿䯣䰎匮匱喟嘳媿嬇尯巋愦愧憒樻欳歸殨溃潰睽瞆瞶篑簣籄聩聭聵胿腃膭臾蒉蕢觖謉鐀鑎餽饋馈𠣠𠿥𡒾𡯵𣧼𤆂𤏜𥏙𧂠𧄑𧑋𧝷𧡫𧷛𨣈
kun1,56,㡓㱎䐊䖵䪲卵坤堃堒婫崐崑昆晜混潉焜熴猑琨瑻罤菎蜫裈裩褌豤貇醌錕锟頑餛騉髠髡髨鯤鰥鲲鵾鶤鹍𠚯𡖉𥊽𥚛𦌸𧥊𨱙𩓽𩭋𩻋𩽞𪋆
kun3,24,㩲䠅壸壼悃捆梱硱祵稇稛綑裍閫閸阃齦𣏔𦄐𦓾𧋕𨁉𩨫𪘩
kun4,11,㫻困昆涃睏𢈛𣏔𣰘𣱂𧋕𩤋
kun5,1,尡
kuo4,51,㗥㾧䟯䦢䩹䯺噋噲廓懖扩拡括挄擴會栝桰漷濶燭秳筈萿葀蛞适鄺闊阔霩鞟鞹韕頢髺鬠𠚳𠠎𡎒𡻙𢠛𤫵𥕏𦧍𦧔𨓈𨨱𨶐𩋻𪗽
la1,24,㕇㡴㩉㱞䏠啦喇垃拉搚摺柆砬磖翋菈邋𣤊𤛊𤰚𦒆𩃜𩤲𩨉
la2,10,剌喇嚹拉揦旯砬磖𡉆𤰚
la3,7,䖃喇拉藞𥗿𥘁𦎏
la4,67,㯿㸊㻋㻝䂰䃳䏀䓥䗶䱨䱫䶛儠剌拉揦揧擸攋楋溂爉瓎瘌癩腊臈臘落蜡蝋蝲蠟辢辣鑞镴鬎鯻鱲𠾩𡅘𢃴𢈠𢉨𢤆𤀦𤊶𥀥𥀰𥈙𥖍𦅶𦆻𦇛𦒦𧗩𧙀𧞪𧩲𨭛𩑮𩘊𩧆𩯽𪇹𬶟
la5,10,啦喇嚹垃拉蓝藍鞡𤷟𩋷
lai2,50,㥎䅘䋱䚅䠭䧒來俫倈唻婡崃崍庲徕徠来梾棶涞淶猍琜筙箂莱萊逨郲釐錸铼顂騋鯠鶆麳黧𠎙𢑬𣖤𤢗𤦃𤲓𦓹𧯲𧳕𧳟𨂐𪑚
lai3,5,㚓䂾𢅭𧵭𨦂
lai4,48,㸊䄤䓶䚅䲚來倈勑厲唻娕婡徕徠懶攋櫴濑瀨瀬癘癞癩睐睞籁籟藾襰誺賚賴赉赖逨釐頼顂鵣𠘝𡂖𡃄𡓒𤢵𦆋𨇆𩳆𪈈
lan2,88,㑣㔋㘓㘕㜮㞩㦨㳕䆾䍀䑌䦨䪍䰐儖兰厱啉囒婪岚嵐幱惏懢拦攔斓斕暕栏欄欗漣澜濫瀾灆灡燣燷璼礷篮籃籣繿葻蓝藍蘭褴襕襤襴襽譋讕谰躝郴鑭钄镧闌阑韊𠓖𠼖𡮻𢅡𢉧𢊓𢛓𣋣𥌻𥜓𦧼𧼖𨅏𨅬𨊔𨬒𨷻𩈵𩔵𪇖𬒗
lan3,47,㛦㨫㩜㰖䄤䈒䌫囕壈婪嬾孄孏廩懒懔懶揽擥攬榄欖浨漤濫灠爦纜缆罱覧覽览醂顲𠓭𡒄𡓔𡽳𣛱𤑸𤣟𥦝𧮤𨎹𨣸𩟺
lan4,35,㜮㱫䃹䆾䑌僋嚂坔壏湅滥濫灠烂煉燗爁爛爤瓓糷蘫覽諫連鑭闌𢒞𢹙𤂺𤃨𥗺𧸦𨣨𩉀
lang1,1,啷
lang2,49,㝗㟍㢃㱢㾿䆡䡙䯖䱶勆哴嫏廊斏桹榔欴浪狼琅瑯硠稂筤羹艆莨蓈蜋螂踉躴郎郒郞鋃鎯锒阆駺𢽂𥍫𥧫𦵧𨞿𨱍𩛡𩷕𪁜
lang3,27,㓪㙟㝗㟍㫰㮾䀶俍塱崀悢朖朗朤榔樃樠烺狼脼蓢誏閬𠻴𣊧𥇑𧚅
lang4,24,㫰䍚䕞埌崀浪狼琅筤莨蒗誏踉郎閬阆𠺘𢳑𣻡𦺫𧻴𨶗𩲒𩳤
lang5,1,唥
lao1,3,捞撈粩
lao2,55,㗦㞠㟉㟹㨓䃕䜎䜮䝁䲏僗劳労勞哰唠嘐嘮嫪崂嶗憥憦朥浶潦澇牢痨癆磱窂簩蟧轑醪鐒铹顟髝𠈭𡑍𢚄𢭂𣘪𤎤𤛮𤩂𥢒𦺜𨣃𨦭𨲮𪁔𫭼
lao3,35,㧯㺐䇭䕩䝤䳓䵏佬僚咾姥嫽恅栳橑潦狫獠珯硓老耂荖蓼蛯轑銠铑鮱𡂕𣠼𤶁𦒴𨡤𪀧
lao4,32,䜎僗勞唠嗠嘮嫪憦撩橯涝潦澇烙牢癆絡络耢耮落躼軂酪𡬘𣟽𤉍𥢒𦺜𧢋𧯍𨣃
lao5,1,𦛨
le1,3,嘞肋𡃖
le4,30,㔹㖀㦡㿭乐仂勒叻忇扐楽樂氻泐牞玏砳竻簕艻阞韷鰳鳓𣂒𣲒𤟓𤨙𥖪𩐾
le5,3,了餎饹
lei1,2,勒擂
lei2,69,㒍㔣㗊㠥㵢㹎䍣䐯䨓儡儽壘壨婁嫘擂樏檑櫑欙瓃畾盧磥礌礧累縲纍纝缧罍羸蔂蘲虆轠鐳鑘镭雷靁鱩鼺𡈶𡰠𡻱𡾋𢴱𣀀𣚎𣡧𤜖𤡂𤮎𤮚𤮸𤳳𤳴𤼘𥍔𥤐𦣄𧒜𧒽𧞭𨏒𨞽𩴻
lei3,73,㒦㙼㠥㵽㶟㼍㿔䃬䉂䐯䛶䣂䴎傫儡儽厽垒塁壘樏櫐櫑洡漯灅瘣癗矋磊磥礌礧礨累絫纍耒腂蕌蕾藟蘽蠝誄讄诔郲鑘鑸鸓𠱤𡚗𡻭𡼊𡾋𡾖𡿉𡿛𢹮𣠠𣡺𤃻𤡂𤢹𥑶𥗬𦇄𦓥𦢏𨄱𨊚𨻌
lei4,49,㑍㒦㲕㴃䉪䒹䢮䣦䮑儡擂攂檑泪洡涙淚礌礧祱禷类累纇纍肋蘱酹銇錑雷頛頪類颣𡔇𣀜𣨅𥅦𥗶𥣬𥤐𨀤𨶺𩑚𩔗𩛝𩵓𪑯
lei5,2,勒嘞
len4,1,啉
leng1,2,㘄棱
leng2,16,䉄䬋塄崚棱楞碐稜薐踜輘𥈮𦼊𧼔𨈓𩩡
leng3,1,冷
leng4,11,㱥䮚倰堎愣棱楞睖稜踜輘
li1,1,哩
li2,191,㒿㓯㛤㠟㦒㰀㰚㴝㷰㹈䄜䅻䉫䊍䋥䍠䍦䔆䔣䔧䖥䖽䖿䙰䣓䣫䱘䴻䵓䵩丽儷刕剓剺劙厘喱嚟囄嫠孋孷廲悡斄杝柂梨梩梸棃樆氂漓灑灕犁犂犛狸琍璃瓈盠睝矖离穲竰筣篱籬糎縭纚缡罹艃荲莉菞蓠蔾藜蘺蜊蟍蠡蠫褵謧貍邌酈醨釃釐鋫錅鏫鑗離霾驪骊鯏鯬鱺鲡鵹鸝鹂麗黎黐黧𠌯𠛘𠞙𠭰𠻗𠼝𠾆𡃷𡥽𡿎𢄡𢌈𢛮𢟢𢟤𢤂𢮃𣀷𣁟𣐬𣘬𣞴𣫥𣮉𣯤𤗫𤚓𤭜𥊈𥌛𥣥𥲧𥲪𥻿𥼅𦃇𦔓𦢱𦺙𧄚𧅯𧋎𧋠𧑇𧕮𧕯𧚩𧥖𧫬𧮛𨄛𨇎𨛫𨝏𨝖𨝟𨤫𨯽𩁟𩆲𩥬𩥴𩧋𩭇𩻌𪁐𪅆𪌱𪏵𪏼𪐅𪑚𪒔𪖂
li3,65,㸚㾖䗍䤚䧉俚兣哩娌峛峢峲悝李欐欚浬澧理礼禮粴纚蟸蠡裏裡豊逦邐醴里鋰锂離鯉鱧鱺鲤鳢麗𠚄𡆯𢏃𣀂𣀷𣿞𥎓𥎔𥴡𥽈𦎐𦕸𦪶𦫈𧅮𧋠𧍀𨓦𨛋𨴻𩳓𩷋𩽵𪕴
li4,363,㑦㒧㔏㕸㗚㘑㟳㠣㡂㤡㤦㧰㬏㮚㯤㱹㸚㺡㻎㻺㼖㽁㽝㾐㿛㿨䁻䃯䅄䇐䊪䍥䍽䓞䔁䔉䕻䘈䚕䟏䟐䡃䣓䤙䥶䬅䬆䮋䮥䰛䰜䲞䴡䶘丽仂位例俐俚俪傈儮儷凓列利力励勵历厉厤厯厲叓叕叻吏呖哩唎唳嚦囇坜塛壢娳婯孋屴岦巁悧悷慄戾扐扚捩搮擽攊攦攭暦曆曞朸枥栃栎栗栛棙檪櫔櫟櫪欐歴歷沥沴泣涖淚溧濼濿瀝爄爏犡猁珕珞瑮瓅瓑瓥疠疬痢癘癧皪盭砅砬砺砾硌磿礪礫礰禲秝立笠篥粒粝糲綟纅翮脷苈苙茘荔莅莉蒚蒞藶蚸蛎蛠蜧蝕蝷蠇蠡蠣觻詈讈赲跞躒轢轣轹郦酈鉝銐錑鎘鑠隶隷隸離雳靂靋颯鬁鬲鬴鱱鱳鳨鴗鷅麗麜𠌯𠘞𠘟𠛦𠝄𠞉𠞤𠠏𠠝𠠵𠢠𠩵𠪄𠪺𠫌𡤌𡫯𡮰𡯄𡳸𡸉𡾒𡿋𢍼𢡑𢤆𢤩𢨨𢩑𢸀𢻠𣀥𣌅𣌜𣖊𣟌𣦯𣧿𣫧𣲒𤁼𤃀𤄽𤇃𤔨𤖢𤘃𤜜𤟑𤠫𤡿𤢴𤩮𤳓𤹇𤹈𤻤𤼚𥁟𥉆𥌤𥌮𥌿𥒢𥓃𥝢𥠲𥨻𥬭𥶗𥷅𥷗𥻑𥽗𦃊𦅺𦇔𦘊𦜏𦠓𦪾𧄻𧉲𧒈𧓽𧔝𧘫𧙉𧢝𧤜𧥖𧧋𧯏𧰡𧲡𧴠𧽲𨁸𨃙𨇗𨊛𨍫𨍮𨏬𨘸𨜼𨞺𨟑𨢌𨪹𨬑𨷦𨽹𨽻𩄞𩅩𩆝𩗅𩗭𩘟𩘡𩙖𩞨𩣫𩧃𩪸𩯺𩰲𩱇𩴣𩶘𩽏𪅼𪓀𪖍𪗁𪙺𪙽𫁡𫵷𬍛
li5,5,哩瓈裏裡里
lia3,2,俩倆
lian2,116,㜕㝺㟀㡘㢘㥕㦁㶌㺦㼓㾾䁠䃛䆂䏈䙺䥥䨬䭑亷令僆劆匲匳嗹噒奁奩嫾帘廉怜慩憐搛斂梿槏槤櫣涟溓漣濂濓熑燫璉瞵磏簾籢籨縺羸翴联聨聫聮聯臁苓莲蓮薕螊蠊裢褳覝謰譧蹥连連鎌鏈鐮镰零鬑鰱鲢𠔨𢅏𢅖𢉧𣀃𣝈𤣆𤬓𤾲𥖝𥲥𦆆𦈐𦔖𦖾𧐖𧡙𧸖𨎷𨏩𨏶𨬁𨽷𩄡𩞙𪍴𪐋𪐍𪖳𪚁𪛒
lian3,37,㦁㪘㯬㰈㰸䌞嬚摙敛斂槤歛溓琏璉稴羷脸膦臉蓮蔹薟蘝蘞裣襝輦連鄻醶𠗳𤑿𤬓𤼏𩟅𪍦
lian4,57,㜃㜻㪝㱨㶑㼑僆堜媡孌恋戀摙撿攣楝欄殓殮浰湅潋澰瀲炼煉瑓稴練纞练萰連錬鍊鏈链鰊鱄𠋖𠒵𡆕𡟤𣞰𣟺𣿊𤒦𤗛𤹨𥽸𦣸𧍴𧐖𧡴𧸘𧽫𬶠
liang2,39,㔝㹁䝶䣼䭪亮俍凉墚惊梁椋樑涼粮粱糧綡良莨蜋諒踉輬辌量靚駺𡑆𡮎𤙝𥛫𨄈𨎍𨎛𨵶𩘁𩞯𫟅
liang3,28,㒳㔝䓣䠃䩫両两俩倆兩唡啢掚緉脼良蜽裲蹣閬魉魎𠓜𠯱𣓈𥈘𩗾𬜯
liang4,24,㾗䀶䁁亮倞兩凉哴喨悢晾涼湸諒谅踉輌輛辆量鍄靓𣄴𨱉
liang5,2,煷簗
liao1,2,撩蹽
liao2,91,㙩㵳䒿䜍䜮䝀䝤䨅佬僇僚勞嘹嫽寥寮尞屪嵺嶚嶛廖廫憀憭摎撩敹料暸樂樛漻潦燎爎獠璙疗療窌竂簝繆繚缭聊膋膫藔蟟蟧豂賿蹘轑辽遼鏐鐐镽飂飉髎鷯鹩𠐋𠖂𠨥𠺕𡻪𢄷𢊻𢨺𢸘𢼙𣁰𣟆𤵠𥲊𦕵𦗖𦪕𦺹𧂏𧝜𧽽𨖚𩖝𩯊𪌵
liao3,34,㝋㶫䄦䑠䩍了僚叾嫽憭撩曢潦燎爒瞭繆膫蓼轑鄝釕钌镽𢻢𢿞𣎸𤊽𤑗𥗀𧘈𧡜𨣀𪌀
liao4,33,㡻䉼䎆䢧了嘹嫽尞尥尦廖撂撩料炓燎療瞭窷繆蟉轑釕钌镣𣩢𤊽𥛰𦌒𩕐𩴤𪖷𪤗
lie1,3,倈咧𦾳
lie2,2,咧𧞪
lie3,7,䟩咧忚挘毟裂𨤤
lie4,135,㤠㤡㧜㬯㭞㭩㯿㲱㸹㼲㽟䁽䃳䅀䉭䋑䓟䜲䝓䟹䪉䬅䴕例儠冽列劣劦劽咧哷埒埓奊姴巁巤挒捩擖擸栗栵棙洌浖烈烮煭燤爄爉犣猎猟獦獵睙累綟聗脟膊臘茢蛚裂趔躐迾邋颲鬛鬣鮤鱲鴷𠛱𠠗𠷈𡁓𡂏𡂩𡊻𡏵𡒏𡓍𡭣𡿩𢣓𣁷𣁻𣋲𣖊𣝚𣰌𤁯𤐱𤓿𤖺𤜓𤞊𤡕𤢪𤱃𤱛𥪂𥬭𥲁𥶢𥷨𥸸𦅶𦓓𦓤𦖩𧀨𧓐𧞕𧭌𧭞𧰠𨆍𨕜𩆣𩙑𩢾𩧆𩧮𩨐𩭌𩼭𫚭
lie5,1,咧
lin1,1,拎
lin2,74,㔂㝝㡘㷠䚬䢯䫐䮼临冧厸啉壣崊嶙惏斴晽暽林淋溓滲潾瀶燐獜玪琳璘疄痳瞵碄磷箖粦粼綝繗翷臨蹸轔辚遴邻鄰鏻隣霖驎魿鱗鳞麐麟𡰚𡹇𡻫𡿠𣇰𥻋𥼭𦺸𧃮𧲂𧹩𩞻𩱬𩻜𬘭𬭸𬴊
lin3,31,㐭㨆䕲亃伈僯凛凜嶙廩廪懍懔撛檁檩澟癛癝磷稟箖粼菻顲𠓮𡬜𤌎𤎭𥓆𧵧
lin4,52,㖁䉮䗲䚏䫰亃任僯吝恡悋橉淋焛獜甐疄痳瞵磷膦臨蔺藺賃赁蹸躏躙躪轔轥遴鄰閵𠐼𡃦𡳞𡶱𤂶𤌎𤗷𥳞𥶒𥷖𦺸𧖔𧶆𨏨𨸻𩣖𩴠
ling1,1,拎
ling2,207,〇㖫㡵㥄㦭㪮㬡㯪㱥㲆㸳㻏㾉䄥䈊䉁䉖䉹䌢䍅䔖䕘䖅䙥䚖䠲䡼䡿䧙䨩䮚䯍䰱䴇䴒䴫令伶倰冷凌刢呤囹坽夌姈婈孁岭岺崚彾怜掕昤朎柃棂棱櫺欞泠淩澪灵燯爧狑玲琌瓴皊砱磷祾秢稜竛笭紷綾绫羚翎聆舲苓菱蓤蔆蕶蘦蛉衑袊裬詅跉軨輘酃醽釘鈴錂铃閝阾陵零霊霗霛霝靇靈駖魿鯪鲮鴒鸰鹷麢齡齢龄龗𠄖𠏡𠟨𠠢𠡭𠱠𠻠𠻱𠾥𡈍𡕮𡿡𢌔𢔁𢩗𢹝𢺰𣌟𣣋𣬹𤃩𤖦𤜙𤣘𤧘𤫩𤫲𤿅𥌼𥤜𥤞𥥋𥩔𥺙𥾂𦉢𦐽𦫃𦫊𧆺𧕅𧖜𧟙𧨈𧰻𧱢𧾇𧾮𨠎𨱋𨽲𩂙𩃞𩆒𩆚𩆮𩆻𩆼𩇄𩇎𩊂𩑊𩖊𩖵𩚹𩜁𩟃𩪥𩬔𩲩𩵀𪅋𪋳𪋾𪌏𪕌𪛈𫐉
ling3,15,䕘令冷岭嶺彾怜泠袊軨阾領领𥵝𦊓
ling4,13,令凌另呤炩𠟨𠡭𢺰𤨻𤷖𧲙𨞎𩄊
ling5,1,瀮
liu1,5,溜瀏熘蹓𠺕
liu2,106,㐬㽞䉧䗜䚧䝀䬟䰘䱖䱞䶉刘劉嚠媹嵧懰摎斿旈旒榴橊沠泵流浏游溜漻瀏琉瑠瑬璢畄留畱疁瘤癅硐硫磂聊蒥蓅藰蟉裗遛鎏鎦鏐鐂镏镠飀飅飗餾馏駠駵騮驑骝鰡鶹鹠麍𠗽𠪐𢏭𢤐𢷶𣞗𣟑𣠚𣱳𣲖𤥗𥀓𥆦𥠷𥰣𥶅𥹷𦀠𦃓𦊿𦑾𧏓𧮗𨦰𨪕𨪿𨶪𨻧𩗩𩙄𩢞𪃂𪆱𪇯𪎣
liu3,33,㚹㧕䉧䬟僂嬼懰柳栁桞桺橮泖熮珋留綹绺罶羀蓼蔞藰鉚鋶锍𠛓𦊑𦊗𦌁𨋖𨍸𩖴
liu4,45,㙀㨨㶯㽌䄂六塯廇溜澑畂留碌磂磟窌翏蹓遛鎦鏐镏陆陸雡霤飂餾馏鬸鷚鹨𡻪𢔲𢞭𢣠𤮷𥌐𥛅𥥹𥧕𥨌𦉉𨢇𩆎
lo5,2,咯囖
long1,1,隆
long2,109,㚅㝫㟖㡣㦕㰍䃧䆍䏊䙪䥢䪊䮾䰱儱咙嚨寵屸嶐巃巄昽曨朧栊槞櫳泷湰滝漋瀧爖珑瓏癃眬矓砻礱礲窿竜笼篭籠聋聾胧茏蕯蘢蝕蠪蠬襱谾豅躘鏧鑨隆霳靇驡鸗龍龐龒龓龙𠾐𡃡𡬍𡬕𢤲𢸭𣫣𤵸𤼃𤾭𥪢𥪻𥬆𥳌𥸉𦨩𦪽𧍰𧙥𨇘𨏠𨐇𨺚𩂽𩄺𩙘𩙠𩟭𩧪𪔕𪔳𪔷𪚑𪚓𪚘𪚝𪚠
long3,24,㙙㴳䡁儱垄垅壟壠徿拢攏朧竉笼篢籠蘢躘陇隴龓𢤱𦪽𪐖
long4,25,㑝㛞㟖㢅㳥䮾儱哢弄徿梇硦蘢衖襱豅贚𠮽𠱚𡱯𢙱𤼃𥦌𧚂𨛓
lou1,4,䁖搂摟瞜
lou2,63,㟺㡞㥪㲎㺏䄛䝏䣚䫫䮫䱾偻僂剅喽嘍娄婁寠廔慺楼樓溇漊漏熡牢瞜窶耧耬艛蒌蔞蝼螻謱軁遱鞻髅髏𠞭𠳴𡇭𡡎𣫻𤋏𤠋𤬏𦌁𦎹𦭯𧁾𧢃𧰃𧷡𨻻𩏝𩨇𪣻
lou3,19,㪹䅹嘍塿嵝嶁搂摟漊甊篓簍耬𡗆𡰌𢈢𥕍𧯨𪍣
lou4,23,㔷屚漏瘘瘺瘻鏤镂陋露𠖛𠗩𠞭𡪅𣤋𦸢𧫞𧷡𨄋𨝢𨦖𨫒𨱐
lou5,3,喽嘍𡀔
lu1,5,噜嚕撸擼謢
lu2,73,㠠㢳㪭㭔㱺㿖䡎䥨䮉䰕卢嚧垆壚庐廬攎曥枦栌櫚櫨泸瀘炉爐獹玈璷瓐盧矑籚纑罏胪膚臚舮舻艫芦蘆蠦轤轳鈩鑪顱颅髗魲鱸鲈鸕鸬鹵黸𡉴𡳴𣆐𤬛𤮧𥀵𦿊𧆣𧇄𨇖𩄅𩍼𪑄𪖌𬬻
lu3,46,㔪㢚㯭䲐卤嚕塷掳擄擼樐橹櫓氌滷澛瀂硵磠艣艪芦蓾蘆虏虜鏀鐪鑥镥魯鲁鹵𠿛𢋡𢟧𢲸𣥐𣱀𤣃𥶇𧀦𧫓𩯜𪉖𪉣
lu4,179,㓐㖨㛬㜙㟤㦇㪐㪖㫽㯝㯟㼾㿖䃙䌒䍡䎑䎼䐂䘵䚄䟿䡜䩮䱚䴪侓僇六剹勎勠圥坴塶娽峍廘彔录戮摝攄椂樚淕淥渌漉潞熝琭璐甪瘳盝睩硉碌磟祿禄稑穋箓簏簬簵簶籙粶緑繆绿翏膔菉蓼蔍蕗虂螰角觮觻谷賁賂赂趢路踛蹗輅轆辂辘逯鄜酪醁錄録錴鏕鏴陆陸露騄騼鯥鱳鵦鵱鷺鹭鹿麓𠀽𡀔𡴆𡷏𢂤𢊩𢫫𢯅𢻵𢾬𣞓𣩏𣼟𤝮𤟘𤢊𤨍𤺼𤻱𤽺𤿴𥀔𥈛𥉶𥒨𥚊𥛞𥛪𥣤𥫰𥲎𦋔𦌕𦌟𦗓𦪇𦸐𦼋𦽂𦽎𦾞𦾷𦿖𧌉𧌍𧐳𧨹𧽥𨁸𨌠𨏔𨽐𩅄𩌫𩓪𩛼𩣱𪍄𪒏𫘧
lu5,1,氇
luan2,52,㝈㡩㱍䏈䖂䜌圝圞奱娈孌孪孿峦巒挛攣曫栾欒滦灓灤癴癵羉脔脟臠臡虊銮鑾鵉鸞鸾𡰠𢌕𢺈𤲶𤼙𦣋𦣏𧖘𨄄𨇼𨈌𨈎𨊟𩪾𪢮
luan3,4,卵孌覶𡡗
luan4,12,乱乿亂灓薍釠𠦨𡄹𡡗𡭸𢿢𣨀
lue3,1,掠
lue4,31,㑼㔀㗉㨼䂮䌎䛚䤣剠圙寽掠擽率略畧稤藥詻鋝鋢锊𠢌𠼟𦊹𧎾𧐋𧐯𧑀𧕌𪅅
lun1,2,抡掄
lun2,41,㖮㷍䈁䑳仑伦侖倫囵圇婨崘崙惀抡掄棆沦淪碖磮綸纶耣腀菕蜦論论踚輪轮錀陯鯩𠔕𠼩𤷔𥿑𧱜𬬭
lun3,10,埨淪睔碖稐耣蜦𤲕𦓾𫭢
lun4,10,侖埨惀溣碖論论陯𡃝𧣵
luo1,10,㸹啰囉捋羅落頱𠜖𣁻𪑋
luo2,62,㑩㼈㽋䊨䗍䯁儸囉攎攞椤欏猡玀箩籮罖罗羅脶腡萝蘿蝸螺蠃蠡覙覶覼逻邏鏍鑼锣镙饠騾驘骡鸁𡤢𡿏𣜄𤄷𥡜𦆁𦣇𦣖𦣛𦿌𧄿𧷳𨰠𩎊𩮹𩵇𩼊𩽰𪈰𪎆𫌨
luo3,44,㒩㔏㦬㩡㰁㾧䴹倮儽剆捰攞攭曪果欏欙猓瘰癳砢臝蓏蜾蠃蠡裸躶鎯𠻡𡆆𢅾𣂞𣜢𣨪𣵟𤔖𤔝𤗀𤨗𤬁𨟥𨬅𩉙
luo4,86,㓢㞅㪾㱻㴖㿚䀩䃕䇔䈷䉓䌱䌴䎊䮑咯峈挼捰摞格樂橐櫟泺洛洜漯濼烙爍犖珞皪硌硦碌礫笿絡纙络茖荦落蛒袼詻跞路躒邏酪鉻雒駱骆鮥鱳鴼鵅𠉗𠏢𠶱𠻐𡁆𢺆𢺑𣎆𣛗𣧳𤽥𤽼𥯛𧈦𧟌𧭥𧹐𨇽𨏒𩂣𩊚𩌭𩍪𪇱𪌳
luo5,2,囉羅
lv2,31,䕡䮫婁廬慮榈樓櫚櫨氀瘻盧瞜膢藘郘鏤閭闾馿驢驴鷜鹿𢣻𤁵𤗬𥰠𥶆𦝼
lv3,60,㛎㡞㭚㻲㾔侣侶偻僂儢吕呂婁屡屢履慺挔捋捛旅梠漊焒祣稆穞穭簍絽縷缕膂膐臚蔞褛褸謱軁郘鋁铝魯鷜𡡎𢈚𢙲𣥐𣭇𤾺𦛗𦭯𦳭𧃒𧈔𧜊𨂠𩄽𪈜
lv4,58,㔧㠥㲶䔞䢖䥨勴哷垏壘寠寽嵂律慮櫖氯滤濾爈率箻累綠緑繂绿膟菉葎虑鋁録鑢𠜈𠣊𠷈𠻜𡀿𡾅𢅞𢟳𢯰𣀞𤝽𥖼𥡢𥭐𥶌𦆾𦊼𧍶𧓻𧭜𩥆𩲦𩳡𩴐
ma1,11,妈媽嬤嬷孖抹摩蚂螞麻𢳀
ma2,25,㦄䗫䳸吗嗎嘛犘痲蔴蟆蟇貊靡麻麽𡻤𢋚𤳂𥀏𥉵𩀪𩔶𩔷𪐎𪓹
ma3,24,㐷䣕䣖傌吗嗎榪溤獁玛瑪码碼蚂螞遤鎷馬马鰢鷌𥧓𨰾𨳿
ma4,38,㑻㜫㨸㾺䀛䀣䧞䯦傌唛嗎嘜杩榪犸獁睰礣祃禡罵蚂螞貉閁駡驀骂鬕𢉿𢊀𣨜𥉊𧪨𩊃𩨲𩶞𪒜
ma5,9,㕰么亇吗嗎嘛嚜嫲麽
mai2,13,㜥㦟䁲䚑䨪哩埋薶貍霾𢠼𨤢𩍃
mai3,8,买咪嘪荬蕒買鷶𠿆
mai4,32,䘑䜕䨫䮮佅劢勱卖売派脈脉衇賣迈邁霡霢麥麦鿏𥇯𥌚𦏢𦙻𦚡𧱘𩈗𩊍𪄳𪍇𪒪
man1,2,嫚颟
man2,56,㒼㙢㿸䅼䊡䐽䒥䛲䟂䯶䰋僈埋姏悗慢慲摱槾樠瞒瞞矕絻蔓蛮蠻謾谩蹒蹣鞔顢饅馒鬗鬘鰻鳗𢦈𤜘𥊑𥧭𥲑𦔔𧜞𧱼𨲛𨲾𩆓𩛟𩬞𩮉𪈿𪍩𪑪
man3,20,㛧䜱屘満满滿睌矕螨蟎襔鏋𡕢𥬈𥲈𦎌𧆏𧖵𩈦𩛎
man4,44,㗈㡢㬅㵘䅼䕕䝡䝢䡬僈墁嫚幔幕慢摱曼槾漫澫澷熳獌縵缦蔄蔓蘰謾谩鄤鏝镘𡢚𡻩𢿜𣁜𤅎𥊑𦔔𧜞𩅍𩆓𬜬
mang1,4,牤𡘪𤛘𩛲
mang2,60,㝑㟌㟿㡛㤶㴇㻊䅒䈍䏵䓼䵨厖吂哤娏尨庬忙恾朚杗杧氓汒浝牻狵甿痝盲盳瞢硭笀芒茫莽蘉蛖邙釯鋩铓駹鸏龍𡩩𡩽𡵀𣙷𤰡𥆙𥐞𥝕𦎨𨛌𩒿𩭒𩷶
mang3,29,㟐㟿㬒䁳䏵䒎䖟壾朦汒漭硥茻莽莾蟒蠎𠈵𡅖𣯬𣶈𥤩𥮎𦜭𩅁𩙸𩪎𪁪𪚢
mang4,5,㤶吂𠮵𥁃𥭚
mao1,3,猫貓𤚜
mao2,53,㝟㮘㲠䅦䭷侔兞務堥嵍旄枆毛氂渵牦犛猫矛緢罞耗茅茆蛑蝥蟊貓軞酕鉾錨锚髦髳鶜𡹰𣬵𣭮𣹪𤛖𤝄𥎟𧍟𧐟𧒚𧓿𧔨𨈥𨥨𨦜𩬞𩭾
mao3,20,㚹㧇乮冇卯夘峁戼昴泖笷茆蓩鉚铆𠔼𡜢𢨯𥄸𨺸
mao4,79,㒵㒻㡌㧌㪞㫯㴘㺺㿞䀤䋃䓮䡚䫉冃冐冒勖務媢帽愗懋描旄暓柕楙毛毣毷牟瑁皃眊瞀秏耄耗芼茂萺蝐袤覒貇貌貿贸鄚鄮霿𠤝𢂹𢅉𢘅𢝌𢯾𢽢𣊃𣔺𣨇𣬵𣯀𣴟𣴼𤥰𤲰𥈆𥟪𦀸𦳁𦼪𧠊𨩩𩛨𩫁𩿂𪃑
me1,1,嚒
me5,8,么嚜末没濹癦麼麽
mei2,70,㙁㺳䊈䍙䜸䤂䱕呅坆坶堳塺娒媒嵋徾攗枚某栂梅楣楳槑沒没湄湈溦煤猸玫珻瑂眉睂矀禖穈糜脄脢腜膴苺莓葿蘪郿酶鋂鎇镅霉鶥鹛黴𠪃𣟸𤈦𤚤𦼻𧳬𨉭𨜘𩋿𪂜𪃏𪉏𪎭
mei3,25,䆀䓺䜸凂媄媺嬍嵄挴楣毎每浼渼燘美羙腜躾鎂镁黣𠍨𢮇𪎦
mei4,47,㭑䀛䆊䉋䰨䰪䵢味嚜墨妹媒媚寐抺旀昧櫗氼沬煝痗眊眛睸祙篃蝞袂谜跊韎鬽魅黴𠊉𡲭𤽃𥞊𥧴𧭵𩈐𩎟𩫍𩲈𩲢𩴈
men1,3,悶椚闷
men2,30,㡈㨺䊟䪸䫒亹們怋扪捫汶玧璊瞞穈菛虋鍆钔門閅门𣯩𤅣𧄸𨳔𨴺𩑥𩔉𫞩
men4,19,㥃㦖㱪㵍們悗悶惛懑懣暪殙滿焖燜瞞闷鞔𧴺
men5,2,们們
meng1,3,擝矇蒙
meng2,117,㙹㠓㩚䀄䁫䇇䈍䉚䑃䑅䒐䗈䙦䙩䟥䤓䥰䰒䲛䴌䴿䵆儚冡夢嫇尨幪庬懜懞曚朦橗檬氋氓溕濛獴甍甿盟瞑瞢矇矒礞艨莔萌蒙蕄蘉虻蝱蟊鄳鄸鋂雺霧霿靀顭饛髳鯍鸏鹲黽鼆𠐁𠐧𡚔𢄐𢤘𢿂𣊔𣞑𣰥𤼁𥄁𥉕𥌯𥌱𥣛𥭮𦆟𦊽𦢧𦫰𦱋𦳶𦴔𦷹𦿏𧀆𧁊𧂛𧂡𧈧𧞑𧭊𧲍𨞫𨢊𨢠𨣘𨨸𨼿𩄖𩟞𩦺𩴲𩶡𫑡
meng3,32,䁅䏵勐幪懜懞懵猛獴瓾矇艋蒙蜢蟒蠓錳锰鯭鱦黽鼆𡬆𢕙𣓝𤯻𤱴𤾬𥂂𥋝𧓨𩕱
meng4,33,㜴㝱䁅䒐䓝䠢䥂夢夣孟懜懵明朚梦盟瞢蜢霥𠖆𠵼𡒯𡬆𡬌𣽭𥉕𦿏𧀧𨮒𩆽𪅇𪇓𪈆
meng5,1,掹
mi1,3,咪眯瞇
mi2,99,㜷㟜㣆㸏䉲䊳䌕䍘䕳䕷䛧䤍䥸䴢冞劘弥彌戂摩摵擟攠檷濔瀰爢猕獮獼瓕眯瞴祢禰穈籋糜縻蒾蘼袮詸謎谜迷醚醾醿釄镾靡鸍麊麋麛𠞧𠵸𡄣𡇒𡝠𡬍𡬐𡾱𢇲𢘺𢞞𤦀𥅘𥇆𥇎𥈕𥎖𥭫𥮜𥵨𥹄𥽰𥿫𦄐𦖬𦗕𦞟𦟂𦰴𧠟𨒲𨢥𨣾𩀶𩔢𩞁𩞇𩸹𪋗𪋢𪎗𪓬𪕈
mi3,44,㝥㠧㥝㳽䋛䖹䭧䱊侎咪孊弭彌敉沵洣渳濔瀰灖爾眫眯瞇米粎羋脒芈葞蔝辟銤靡𡓭𡬍𢘺𣧲𥞪𥹫𨇻𨷬𪀿𪎔
mi4,92,㜆㨠㩢㫘㳴㴵㵋㸓䁇䈼䈿䌏䌐䖑䛑䣾䤉䮭冖冪嘧塓宓宻密峚幂幎幦幺榓樒櫁汨沕泌淧溟滵漞濗熐眯眽瞇祕秘簚糸羃苾蓂蔤藌蜜覓覔覛觅謐谧迷鑖鼏𡊭𡲼𢆯𢞞𢱮𣓔𤛬𥁑𥉴𥉿𥦀𥧧𥻒𦣥𦸡𧐎𧕵𧱻𧵬𧶡𧷦𧼊𧽨𨢎𨣯𪅮𪑸𪒄
mian2,44,㒙㝰㮌㰃䃇䏃䫵䯶䰓冥婂媔嬵宀杣棉檰櫋眠瞑矈矊矏綿緜緡绵臱芇蝒蠠𡒳𡯫𢣔𣡠𥊿𥌂𧭇𧸨𨲛𨲾𩬞𩮉𪁼
mian3,48,㛯㝃㡈㤁㨺㴐㻰䀎䤄䩄丏俛偭免冕勉勔喕娩媔愐汅沔渑湎澠眄眠絻緬缅腼莬葂靦鮸黽黾𡕢𢃮𣧾𥾝𦬛𨟺𨡞𩋠𩾃𪏊
mian4,24,㰃㴐䛉冥泯湣牑眄糆面靣麪麫麵麺𡧍𡧒𣅍𥄝𥤵𥻩𦽃𨉥𩈹
miao1,1,喵
miao2,18,㑤㠺䁧䖢媌嫹描猫瞄緢苗蜱邈鱙鶓鹋𩳸𪃦
miao3,26,㦝䅺䏚仯吵妙彯杪淼渺眇秒篎紗緲缈藐訬邈𠋝𡙎𡡺𢤧𢷕𦳥𪃐
miao4,13,妙庙庿廟玅眇竗繆缪𢆷𢚋𤾛𥭝
mie1,8,乜吀咩咪哶孭羋𠺗
mie2,1,𥄲
mie4,50,㒝㩢䁾䈼䌩䘊䩏幭懱搣櫗滅瀎灭烕眜篾蔑薎蠛衊覕鑖鱴鴓𡖺𡞙𡟬𢦼𢧞𢨖𤊾𤏿𥉓𥋚𥌨𥣫𥵒𥸴𥽘𥾝𦇪𧀅𧂝𨣱𩔠𩱷𪇴𪌺𪒍
mie5,1,咩
min2,59,㞴㟩㟭㢯㨉䁕䂥䃉䋋䝧䟨䡑䡻䪸䲄姄岷崏忞怋捪旻旼暋民汶渂玟珉琘琝瑉痻盷盿砇碈緍緡缗罠苠鈱錉鍲閔鴖𣱈𣷠𤇜𤸅𦈏𦳜𧌙𧵣𩔉𩭷𪂆𪉎
min3,56,㞶㥸㬆㳷䟨僶冺刡勄呡悯惽愍慜憫抿敃敏敯暋泯湏湣潣皿眠笢笽簢緡繩蠠鈱閔閩闵闽鰵鳘黽黾𠊟𢼖𢽹𣱉𣹒𤛎𤺖𤿕𥜐𦌡𦫮𧁋𧲃𨏵𪄴
min5,2,厸垊
ming2,37,㝠䄙䆩䊅䏃䫤䳟冥名嫇明暝朙榠洺溟猽盟眀眳瞑茗萌蓂螟覭鄍銘铭鳴鸣𥌏𥹆𥿨𦡉𧱴𪗸
ming3,13,㟰㫥佲凕姳嫇慏溟皿酩𠋶𥥊𩣶
ming4,9,䒌名命椧詺𡥸𦫭𧟠𪂤
ming5,1,掵
miu3,1,𨱯
miu4,5,嘐繆缪謬谬
mo1,2,摸摹
mo2,55,䃺䊳䭩䯢么劘嚤嚩嚰嫫尛庅戂摩摸摹撫擵攠无模橅無磨糢膜蘑謨謩譕谟饃饝馍髍魔魹麽𠻚𡠜𡡉𡾉𢳀𣻕𤋂𤹴𥂓𦟟𨆽𨟖𨰞𨱱𩞁𩟠𩪮
mo3,10,䩋䯢懡抹𠄮𡢜𢣗𣋟𩪮𪎠
mo4,159,㱄㱳㵹㶬㷬㷵㹮䁼䁿䏞䒬䘃䜆䬴䮬䱅䳮䴲万伯佰冒劰勿唜嗼嘿圽塻墨妺嫼寞帓帕帞抹昧昩暯末枺歾歿殁没沫湐漠瀎爅狢獏瘼百皌眜眽眿瞐瞙砞磨礳秣粖絈絔縸纆耱脈脉艒茉莈莫蓦藐藦蛨蟆蟔袜袹貃貈貉貊貌貘鄚銆鏌镆陌靺鞨驀魩默黙𠆮𠇱𠡞𠢓𠬛𡈗𡊉𡠜𡻟𢄏𢊗𢐖𢗿𣧒𣧣𣶊𤣻𤿖𥄕𥕓𥙎𥞪𥬎𥱹𥽘𥿉𦅔𦔭𦥦𦫕𦮅𧀅𧕤𧕥𧠓𧥟𧰱𧻙𧼟𧿴𩃁𩄻𩌧𩎟𩐻𩑦𩑷𩢖𩢷𩥔𩿣𪍇𪍤𪏟𪒂𪒇𬙊
mo5,2,怽麿
mou1,1,哞
mou2,45,㭌䋷䏬䗋䜼䥐䱕件侔劺呣堥婺恈敄桙毋洠牟眸瞴繆缪蛑蟱袤謀谋踎鉾鍪鞪鴾麰𠥨𢃱𢜯𣫬𥿵𦭷𧎄𧎻𨴍𩢫𩶢
mou3,10,䍒䍙厶某畝𠀱𦊋𦊎𦋡𦳑
mou4,2,𥆆𦺒
mu2,12,䱯墲模母毪氁獏𢘃𢜯𤚅𨡭𨢢
mu3,37,㟂䥈亩坶姆姥娒峔拇母牡牳畆畒畝畞畮砪胟茻踇鉧𠺖𢜯𢟨𣳠𤝕𤵝𧩒𧬏𧰷𧿹𨈶𩡨𩬍𪎫𬭁
mu4,62,㙁㜈㣎㧅㾇䀲䊾䑵仫凩募嘿坶墓婺幕幙慔慕暮木朰朷楘樢毣沐炑牟牧狇目睦穆縸繆艒苜莫莯萺蚞鉬钼雮霂鞪鶩𡵬𣈊𤝂𥄈𥣸𥰻𦃤𦱒𧚀𨍎𨎸𩵦𩶖𩶩
m̀5,1,呣
m̄5,1,嘸
n5,1,唵
na1,2,南那
na2,24,䏧䛔䫱呶嗱拏拿挐秅蒘訤詉誽鎿镎𡰀𢜲𣸏𤓷𤔀𦬻𧘽𧤣𧦮
na3,11,䋈乸哪那郍雫𢡏𣡰𥑒𦙜𪐀
na4,79,㗙㨥㪎㮏㵊䇱䈫䋾䎎䏧䖓䖧䟜䪏内吶呐哪妠娜抐捺淰笚笝箬納絮纳肭蒳衲袦豽貀蹃軜那鈉钠靹魶𠕄𠱲𠴾𡤙𡷝𢇵𢓇𣅚𣹵𤝒𤡤𤬷𤭠𤱅𤱆𤷈𤸏𤸻𥍲𥹉𥿃𦛐𦣀𦰡𦳐𧋡𧰹𨙻𨚗𩏼𩚛𩟿𩮅𩮸𩹾𪌅𪗝
na5,2,呐哪
nai2,14,㜨㾍䍲䘅䯮孻掜搱摨熋能腉螚𪌞
nai3,19,乃倷哪奶妳嬭廼氖疓艿迺那釢𠧟𠧤𢉓𦠸𦶅𨎡
nai4,28,㮈㮏㲡㴎佴奈柰渿耏耐能萘螚褦錼鼐𡞫𡨵𡮙𣉘𣮦𥄗𥉃𦓎𦔹𦳐𨒨𩹟
nan1,2,囝囡
nan2,35,㓓㽖䔜䛁䶲侽冉南喃娚弇抩暔枏柟楠男畘莮萳諵遖难難𢪈𤌔𤱣𤽲𦶈𧇙𧕴𨴌𨴘𨵴𩹞
nan3,25,㫱䈒䊖䣸䩅喃嫨戁揇湳煵罱腩萳蝻赧𡆤𡆱𡆲𦝧𧹞𨠹𨦳𩈑𩈶
nan4,15,㫱㬮䣸妠婻攤灘諵难難𢬷𤿏𦍀𦛚𩅠
nang1,3,囊囔蘘
nang2,18,䁸乪噥嚢囊憹搑欜涳蠰譨饢馕鬞𦗳𦣘𧖒𩛡
nang3,11,㶞搑擃攮曩瀼灢饢馕𣰶𩜒
nang4,11,㚂儾鬞齉𠶬𡿝𢖧𦈃𧅺𧟘𨳆
nang5,1,囔
nao1,1,孬
nao2,45,㞪㺀䃩䛝䴃呶夒峱嶩巎巙怓憹挠摎撓橈猱獶獿硇碙蛲蝚蟯詉譊鐃铙𡽧𡾂𢙐𢜸𢪼𣳦𤞍𤡤𤫕𥐻𥑪𧴓𨥸𩖯𩫔𫍢
nao3,46,㑎㛴㺁㺒䐉䜀䜧匘垴堖嫐恼悩惱憹獶獿瑙碯脑脳腦膠𠊦𠡷𡍍𡿺𢅈𢉵𣭺𤊲𤋫𤷻𥀮𥒢𦗮𧩣𧳀𧳦𧴙𨱵𩛋𩤘𩩀𩫺𩬷
nao4,14,婥淖澆腝腦臑鐃閙闹鬧𣧽𥆲𩋈𩯆
ne2,2,哪那
ne4,15,㕯䅞䎪䭆呐抐疒疔眲訥讷那𢗉𣧍𧤜
ne5,2,呐呢
nei2,5,𠑚𠑛𡣢𢅼𨡌
nei3,17,㼏䲎哪娞婑浽脮腇那餒餧馁鮾鯘𥡭𩗔𩛞
nei4,11,㐻㨅內内氝那錗𢁩𢛉𣓃𩬀
nen4,13,㜛㯎㶧媆嫩嫰恁枘腝臑𡞾𧮠𨈗
neng2,8,㴰䏻竜而耐能𢆂𨃳
neng3,3,螚𠹌𨶙
neng4,1,㲌
ng5,1,唵
ni1,2,呢妮
ni2,61,㞾㪒㹸䘦䘽䛏䝚倪兒呢坭埿妮婗尼屔彌怩抳棿泥淣猊秜籾聣腝臡蚭蛪蜺觬貎跜輗郳鈮铌霓鯢鲵麑齯𠆵𠒰𠽬𡎿𣢞𣭙𤦤𦤽𦦃𨋗𩚯𩩢𩱄𩸦𩸧𩾆𫐐𫠜
ni3,63,㘈㩘䕥䘦䛏䦵伱伲你儗儞呢妳婗孴尼懝抳拟掜擬旎昵晲柅檷泥濔瀰爾狔祢禰聻苨薿譺鈮鉨鑈隬馜鿭𡥦𡥨𢅟𢘝𢣚𣡋𤙌𥜦𥜬𥷄𦆦𦰫𧃩𨀀𩉹𩋪𩍦𩯨𩰞𪏸
ni4,77,㠜㥾㦐㮏㲻㵫䁥䘌䛏䵑䵒伲倪匿埿堄嫟嬭嬺孨孴屰嶷惄愵慝懝抐昵暱氼泥溺濘灄痆眤睨秜縌胒腻膩誽迡逆𠱘𠸺𡎳𡞭𡣁𡫸𡬗𢚮𢛜𢦱𣘗𣲷𥄽𥇄𥺜𦮾𧈞𧏾𧖷𧵼𧺰𨒫𨺙𨽦𩈢𩚮𩺝𩺱𪏵𪐌𪙛
nia1,1,㖸
nian1,4,拈捻蔫𥺴
nian2,23,䄭䄹䬯䴴哖姩年溓秊秥粘鮎鯰鲇鲶鵇黏𠫺𠬋𦷙𨚶𩽴𪐇
nian3,42,㜤㞋㮟䚓拈捵捻撚撵攆涊淰焾痆碾簐趁跈蹍蹨躎輦輾辇辗𠕟𠗋𠣇𡰫𣐏𤁥𦭁𧹞𨀀𨇍𨋚𨏛𨴞𨸱𩉄𩊫𪑮
nian4,16,㲽䧔卄唸埝姩廿念榐艌𡝟𣎔𤽿𥮘𦁇𨢯
niang2,5,娘嬢孃酿釀
niang3,1,𪓃
niang4,5,䖆酿醸釀𥽬
niao3,37,㒟㜵㠡㭤䃵䙚䦊䮍嫋嬝嬲尥樢茑茮蔦袅裊褭鳥鸟𠒰𡘏𡝋𡝒𡠿𢶑𢸣𣟊𤲶𥤂𥾇𨽖𩖔𩭑𪅝𪈼
niao4,6,㞙㳮尿溺脲𨳀
nie1,3,捏捻揑
nie2,5,㡪苶𢫻𦡃𪌿
nie3,2,鉨𠈊
nie4,155,㖏㖕㖖㘝㘨㘿㙞㚔㜸㩶㮆㴪㸎䂼䄒䇣䌜䌰䜆䡾䭃䯀䯅䯵䳖乜倪哪啮喦嗫噛嚙囁囐囓囡圼埝孼孽峊嵒嵲嶭巕帇幸惗掜摰攝敜枿棿槷櫱泥涅湼痆篞籋糱糵聂聶臬臲苶菍蘖蠥褹諗讘踂踗踙蹑躡鉩銸鋷錜鎳鑈鑷钀镊镍闑陧隉顳颞齧𠶿𡆣𡇄𡍤𡰆𡴎𡶫𡸣𡾦𡾲𡿖𡿗𢈸𢬴𣀳𣌍𣙗𣯭𣰼𤭂𤴘𤶚𤷈𤸏𤺐𥔄𥬞𥬬𥭙𥮤𦄌𦈙𦘒𦛠𦞆𦣀𦯖𦵐𧁈𧋖𧞍𧻼𨊞𨙓𨱺𨲀𨶠𨻄𩋏𩐭𩒕𩖁𩣘𪌊𪎃𪎅𪘎𫔶
nin2,8,㤛䋻䚾䛘囜恁您𠽝
nin3,1,拰
nin5,1,脌
ning2,48,㝕㲰䆨䗿䭢儜冰凝咛嚀嬣宁寍寕寗寜寧拧擰攘柠檸濘狞獰甯疑聍聹苧薴鑏鬡鬤鸋𡫃𡷪𣍆𤕦𤹧𤻝𥣗𥧤𦡼𧃱𧕝𧭈𫛢
ning3,9,䗿拧擰橣矃鑏𥳥𦡲𩕳
ning4,19,㣷㿦䔭佞侫倿宁寧年拧擰泞泥澝濘甯𧍖𧑗𧭈
niu1,1,妞
niu2,10,㖻㽱䒜怓汼牛牜𨷁𩲍𩵠
niu3,28,㺲䂇䏔忸扭杻沑炄狃紐纽莥鈕钮靵𢔟𣅚𣧊𣲶𥀝𥍳𥝦𧘥𨋀𨙺𨳞𩈇𪏲
niu4,7,䋴抝拗蚴𩙷𩚖𩜷
nong2,36,㶶㺜䢉侬儂农哝噥憹檂欁浓濃燶癑禯秾穠脓膿莀蕽襛農辳醲𥂒𨑊𨠤𨲳𩅽𩇔𩟊𪆯𪒬𬪩
nong3,3,䁸䵜繷
nong4,8,咔弄挊挵癑齈𠌚𠘊
nou2,14,㝹䨲羺譨𠲴𢉕𣻖𤟦𥀫𧂦𧃨𧅘𩆟𩒔
nou3,6,㜌㳶啂𡝦𡨻𡭾
nou4,15,䅶䘫䰭嬬搙擩槈檽獳耨譳鎒鐞𢉚𪋺
nu2,13,㚢仅奴孥帑挐砮笯駑驽𥤨𥱂𧗈
nu3,13,伮努呶弩擩砮胬𠴂𢪦𢫓𥅄𧉭𪺹
nu4,11,㣽傉怒搙肭褥詉𢫭𥛑𧪅𧿔
nuan2,3,奻渜濡
nuan3,10,㬉䙇暖暧渜湪煖煗臑餪
nuan4,2,餪𪋐
nun2,1,黁
nun4,1,媆
nuo2,26,㑚㔮㰙傩儺哪娜挪掉梛橠那郍難𠹈𡖔𡖫𡬥𡿊𢰜𤘟𦡃𦩜𨁌𨎭𩴓
nuo3,11,㛂㡅媠橠袲袳𡖔𣃽𣆚𩈺𩷁
nuo4,42,㐡㖠䇔䎠䚥呐喏堧愞懦懧掿搙搦搻榒毭濡稬穤糑糥糯耎諾诺蹃逽那鍩锘需𠸱𢜪𢾲𥑽𥻾𦀨𦂍𦓢𧣚𧣺
nv2,1,𦓕
nv3,5,女籹胬釹钕
nv4,20,㵖䏔䖡䘐䚼䶊女恧朒沑狃絮聏衂衄𥄋𥍞𦓖𧖷𩈢
nüe4,10,䖈䖋䨋婩疟瘧硸虐𤷡𨵫
o1,2,喔噢
o2,1,哦
o3,1,嚄
o4,2,哦喔
o5,2,喔筽
ou1,47,䉱䌔䙔䥲䧢区區吽嘔塸慪摳敺樞櫙欧歐殴毆沤漚熰瓯甌紆膒蓲藲謳讴醧鏂鴎鷗鸥𠢔𠥝𡂿𡈆𡩾𣂻𤛐𥈬𥱸𩔸𫭟𬉼
ou2,4,膒齵𦂕𪙃
ou3,27,㒖㰶㸸㼴偶吘呕嘔歐澫甌耦腢蕅藕遇𠙶𠥝𠴰𣢨𤵎𥐂𥧆𥻑𧖼𧪓𪊪
ou4,18,㭝䌂呕嘔怄慪握沤渥漚熰𣉾𣓕𣽕𤁮𧏺𩀫𩥋
ou5,2,嘔𡂿
pa1,26,㕷㞎䔤䯲叭吧啪妑帊汃派皅舥芭苩葩趴𣧜𣱺𤆵𤽉𥐙𦐆𧣃𨋐𩈆
pa2,15,扒把掱杷潖爬琶筢耙跁鈀钯𣚒𧑡𧣣
pa3,1,𥩙
pa4,6,帊帕怕汃袙𪗔
pai1,4,拍𣖐𦫖𩛇
pai2,19,䱝俳啡徘排棑椑牌犤猅箄簰簲脾輫𣝁𥱼𥴖𦩯
pai3,3,廹排迫
pai4,19,㭛㵒㵺䖰哌派渒湃蒎鎃𠂢𠸁𣏟𣲖𣴪𥯟𥿯𦔠𧵠
pan1,22,㐴㢖㽃䆺乑姍扳拌攀潘畨番眅籓萠賁𢬵𢲔𤄜𤺏𥈼𥕿
pan2,58,䃑䃲䈲䩔䰉䰔卞媻審幋弁彦搫柈槃洀湴潘瀊瀋爿番皤盘盤磐磻縏繁胖膰般蒰螌蟠褩跘踫蹒蹣鄱鎜鞶𠽲𣁦𣔚𤖭𤠍𤻷𥈼𥉟𦪹𨂝𨃞𨃟𪄀𪒀𪒋
pan3,4,坢盻闆𧺾
pan4,35,䏒伴冸判半叛坢拚柈沜泮溿潘炍片牉畔番盼眫聁胖袢襻詊鋬鑻頖鵥𡞟𢰿𤄧𥌊𦙀𨒃
pang1,25,䏺䨦乓汸沗滂牓磅肨胮膀膖鎊雱霶𠗵𠦲𣂆𤵸𦣂𧿆𩅅𩐨𪐿𪔔
pang2,41,㥬㫄䅭䠙仿傍厐厖夆嫎尨庞彭彷徬房方旁榜磅篣膀舽蒡螃蠭趽逄逢雱髈鰟鳑龎龐𡅃𢐊𤧭𧔧𨜷𩃎
pang3,6,䒍嗙耪膀覫髈
pang4,7,㕩炐肨胖𥪴𦜍𩈈
pao1,18,㯱㲏䫽抛抱拋摽泡穮脟脬萢藨鮑𢿏𣟏𦔩𩆘
pao2,43,㚿㯡䛌䩝刨包匏咆垉庖泡炮炰爮狍瓟胞苞蚫袌袍褜謈趵跑軳鉋鞄颮麃麅𡂘𡯈𡾌𣮃𤔉𥶔𧙌𩎘𩎾𩐜𩗥𪊳
pao3,3,跑𢾳𦐸
pao4,26,㘐㯡䶌嚗奅泡炮犥疱皰砲礟礮窌胞袌麭𠣳𡧙𣕅𣚇𣶐𦠖𨋛𨣙𩂞
pei1,19,㚰㾦䯱呸啡垺妚怌抷柸肧胚衃醅𤬃𥹂𦙂𩎜𩵣
pei2,32,㟝㯁䏽䣙䪹䫊倍坏培婄掊棓毰裴裵賠赔錇锫阫陪陫駍𣬆𣯱𤗏𦸪𧳏𧴥𨓿𨛬𩑢
pei3,3,俖琣𣍺
pei4,44,㤄㧩㳈㾦䊃䟺䩛伂佩啡妃姵嶏帔攈斾旆昢柭棑沛浿淠犻珮肺艴茇茷蓜蜚轡辔配霈馷𢁖𢘀𢥐𤜲𥄔𨙶𩖭𬇙
pen1,6,㖹喷噴歕濆𠽾
pen2,8,汾湓瓫盆葐衯𡺜𪂽
pen3,2,呠翸
pen4,7,吩喯喷噴湓𠺔𩸂
peng1,50,㛁㠮㥊㧸䍬䥋䦕亨匉嘭堋弸彭怦恲抨旁梈泙洴滂漰澎烹砰硑硼磞絣胓苹荓軯輧逬閛駍𡼜𢏳𢼩𢽩𤘾𥕱𦚝𦯰𨑎𨠟𨺀𩱀𩱋
peng2,75,㛔㥊㱶䄘䡫䧛䰃䴶倗傍傰堋塜塳庄弸彭憉挷搒朋棚椖榜槰樥淜漨澎熢痭硼稝竼篣篷纄膨芃莑蓬蘕蟚蟛輣逢錋鑝韸韼騯髼鬅鬔鵬鹏𡂫𤡭𥕱𦪪𧌇𧚋𧴂𨂃𨍩𨎧𨎳𨲰𩄦𩐛𩖛𩡕𩮗𪔍𪔔
peng3,10,䣙倗剻捧摓淎皏𡗗𢪋𣨞
peng4,15,㼞䰃掽椪砰碰膨蓬踫閛𣟀𤖳𥕽𨅘𩸀
pi1,90,㨢㱟䇑䤵䪹䫠䯱丕伓伾劈噼坏坯培妚帔怶悂憵批披抷旇枇枈炋狉狓痦砒磇礔礕秛秠粃紕纰翍耚苤螕被豾辟邳釽鈈鈚鈹鉟銔錃錍鎞铍闢霹駓髬魾鮍𠜱𠡄𠹦𡛡𡲮𢓖𢞗𢱧𢻹𢾱𣢋𣬮𣬼𤬭𤱍𤿎𤿐𦀘𧙁𧧺𧪫𨤽𨧦𩣚𪄆𪉔𬳵
pi2,109,㓟㔥㮰㯅㼰䲹䴽仳卑啤埤壀奊媲岯崥庇庳批朇枇椑比毗毘毞焷狓猈琵番疲皮笓篦篺紕罴罷羆肶脾腗膍芘蕃蚌蚍蚽蚾蜱螷蠯裨豼貔郫鄱鈹錍铍阰陂陴隦鞞頗魮魾鮍鲏鵧鼙𠨸𠵬𡦟𡶌𢇳𢰘𣓋𣔬𣖰𣪉𣬉𤘢𤘹𤜻𤷒𤼜𤿙𥤻𥯡𦃋𦊁𦨭𦳈𦹽𧑜𧓎𧲺𧳼𧴉𨈚𨻀𩗫𩫫𪄆𪊕𪌈
pi3,42,㱟䑀䚰䚹䤏䫌䰦仳劈匹吡否噽嚭圮嶏庀庇悂擗比疋痞癖脴苉諀銢鴄𡊝𡛘𡺮𤴣𤿇𥀘𥔁𦘩𦘲𦰽𨑜𨲐𩔙
pi4,68,㨽㳪㵨㽬㿙䏘䑀䑄䠘䡟䤨䦼䴙俾僻副嚊埤媲嫓屁扑拂揊淠潎澼濞甓疈睥稫罷脾萆薜被譬辟釽鈲闢鷿鸊𠪮𠯔𠯭𢾇𣴪𣹚𣹮𤂃𤖿𤘤𤚪𥱼𦤢𧾑𨐴𨵡𨵩𨸆𨺤𩜰𪇊𪖞𪛎
pian1,17,㓲㾫偏囨媥徧扁片犏篇翩鍂鶣𢉞𢐃𧡤𨲜
pian2,40,㛹㼐䮁便平徧扁楄楩璸緶缏胼腁萹蝙褊諚諞谝賆跰蹁辯駢騈骈骿𠐈𠑟𠷊𢕨𦳄𧍲𧱩𨂯𨵸𨸇𪘀𪚏
pian3,5,覑諞谝貵𡎚
pian4,10,㸤䏒片猵辨騗騙骗魸𠯯
piao1,30,剽嘌彯慓摽旚漂犥瞟票縹缥翲螵謤飃飄飘驫魒𠷻𡢱𡣋𧌠𧽤𨮬𩗏𩙒𪅃𪋖
piao2,12,㼼䕯䴩剽嫖朴瓢薸闝𣝐𨝓𩡦
piao3,22,㩠㵱㹾彯殍漂皫瞟篻縹缥膘莩蔈醥顠麃𣋳𦭼𩛞𩮳𪅃
piao4,23,㬓䏇僄剽勡嘌嫖彯徱慓漂潎瞟票飃驃骠髟𣳭𩄷𩙒𩮳𪏫
pie1,16,撆撇暼氕潎瞥蔽覕𠟈𠢪𢳂𦒐𦗥𩓼𩠿𩮳
pie3,6,䥕丿撇苤鐅𬭯
pie4,2,嫳𤮕
pin1,15,㡦䎙姘拚拼砏礗穦馪驞𢣐𢬵𢶳𥖶𩰗
pin2,29,㰋㺍嚬姘娦嫔嬪玭琕矉薲蘋蠙貧贫頻顰频颦𠐺𡛞𦇖𧔪𧭹𧮝𨏞𨽗𩕵𬞟
pin3,4,品榀𠮰𥑓
pin4,7,匕娉汖泵牝聘𣎳
ping1,22,䛣乒俜堋娉涄甹砯砰竮聠艵頩𢖊𥪁𥭢𦀔𦥚𦥤𨂲𩈚𩩍
ping2,68,㵗㺸㻂䈂䍈䓑䶄倗冯凭凴呯坪塀屏屛岼帡帲幈平慿憑枰檘泙洴淜焩玶瓶甁硑秤箳簈缾胓苹荓萍蓱蘋蚲蛢評评軿輧郱鉼馮鮃鲆𠗦𡊞𢆟𤭔𤳊𥵪𦚓𦶊𧂋𧏑𩂾𪋋𪔾𪕒
ping3,1,頩
ping4,4,䀻聘𠗥𡊞
po1,42,㗶㧊䍨䥽坡岥朴泊泺泼溌潑濼翍跛酦醱釙鉕鏺钋陂頗颇𠰼𠷑𡊟𢂤𣎵𤀪𤽌𥬒𦫔𧘟𧙅𨠓𨡩𨫁𨸭𩑼𩸿
po2,21,㨇㩯䋣嘙婆巿搫櫇番皤繁蔢謈鄱𡼃𢱨𦃡𧂉𨅅𩑻𩕏
po3,20,剖叵尀笸鉕钷頗颇駊𠰐𠵳𡶆𡽠𣲳𤝯𤱍𥹖𧿽𨆵𩢘
po4,68,㛘㤕䄸䎅䎊䞟䣪䣮䨰䪖䪙䯙哱奤尃屰岶廹敀昢朴泊洦溥烞猼珀皛破砶粕膊蒪迫酦醗醱釙霸頗馞髆魄𠾌𢶉𣍸𣬚𤖼𥄔𥗟𥵜𦍁𦐦𦑀𦑵𦒟𦥭𦥲𦾕𦿍𧴤𧻙𨂩𨍭𨑝𩊀𩒕𩔈
po5,1,桲
pou1,7,䬌剖吥娝捊𦵿𧠾
pou2,19,㧵㩠䎧䯽垺抔抙捊掊涪箁裒襃錇𢒷𦥑𦺎𩔻𩚭
pou3,16,㕻㰴䯽䳝咅哣培堷婄抱掊棓犃瓿部𠟌
pou4,1,踣
pu1,39,䮒䲕䴆仆僕剥卜噗扑抪撲擈攴攵朴柨潽炇痡砲秿豧鋪铺陠鯆鵏𡜵𢼹𤆝𤾣𥼜𦬙𧭎𧱹𨁏𪒢𪔿𫚙
pu2,55,㒒㯷㲫㺪䈬䈻䑑䔕䗱䧤䴆仆僕匍圤墣扶捗樸濮獛璞瞨穙箁纀脯苻荹莆菐菩葡蒱蒲蜅襆贌酺鏷镤鵏𡰿𢈲𤗵𤰑𥐁𥣈𦮑𨛥𨽂𩪛𩯱𪋡𪖈
pu3,26,㹒䗱圃圑埔普暜朴樸檏氆浦溥潽烳甫諩譜谱蹼鐠镨𠽾𥐚𥛟𩑀
pu4,15,㬥䗱堡暴曝瀑痡舖舗鋪铺𣋏𧙛𧦞𩂗
pu5,2,巬巭
qi1,102,㠌㥓㩻㬤㱦䗁䗩䣀䣛䥓䥢䫏䫑䳶七倛傶僛凄吃喰嘁妻娸宿恓悽慼慽戚捿攲朞期柒栖桤桼棲榿槭欺沏淒溪漆碕磎磜紪緀緝缉萋蛣螇褄諆諿踦蹊迉郪鏚霋魌鶈鸂𠀁𠎰𠐾𠔶𡖾𡫁𢦽𢴰𢻪𣉓𣏶𣛺𣶠𤘌𤳃𤳤𥇚𥉐𥉷𥖫𥤥𦖊𦸓𧋉𧒕𧕉𧠪𨞢𩒛𩺲𪄭𪅾𪒆𪒑
qi2,218,㖢㟓㟚㟢㩽㩾㯦㰗䄢䅩䅲䉻䐡䑴䓅䓫䞚䟚䡋䧵䩓䭶䭼䰇䱈䲬䳢䶒䶞七丌亓亝伎俟倛其剘勤圻埼奇岐岓崎嵜帺幾忮忯愭懠扺技抵掑支斉斊旂旗枝棊棋檱櫀歧淇濝濟猉玂琦琪璂畦畸疧碁碕示祁祇祈祺禥禨稘竒簱籏粸綥綦綨纃耆肵脐臍艩芪荠萁萕蕲薺藄蘄蚑蚔蚚蛴蜝蜞螧蟣蠐衹褀觭跂踑軙軝逗鄿釮錡鐖锜隑頎颀饑騎騏騹骐骑鬐鬾鬿鮨鯕鰭鲯鳍鵸鶀麒麡齊齐𠁭𠅚𠓪𠫸𡦍𡪵𡹉𡺸𢁒𢍁𢍑𢩡𢺷𢻋𢻚𢾦𢾪𣯆𤪌𤷍𤹸𤿡𥉙𥼘𦔌𦫡𦭲𦮼𦸗𧌞𧎪𧓑𧡺𧯯𧰙𨉸𨙸𨥦𨪌𨱜𨵎𨸒𨸔𨾛𩉬𩥂𩦋𩨝𩲪𩳣𩴪𩷾𩸞𩹵𪀩𪂛𪄖𪗅𪗆𪗍𪗏𪙧𬨂𬮿
qi3,70,㒅㠱㫓㾨䄎䄫䋯䎢䏿䒻䔇䛴䡔䭫䭬乞企启呇唘啓啔啟婍屺岂崎己敧晵杞梩棨气玘盀碕稽綮綺绮芑袳裿觭諬豈起跂邔闙齮𠧒𠴩𡵒𡷞𡹘𡺓𢺵𥔩𥫟𦄊𦸆𧘗𧙾𧼘𨙬𩒨𩠦𩠨
qi4,164,㞓㞚㣬㮑㰟㼮䀙䁈䁉䅤䇍䌌䏅䏌䏠䒗䔾䙄䚉䚍䟄䟷䢀䥛䩯䫔䬣䯥䰴乞亟伎倛偈切刺吱呮咠唭噐器夡契妻弃忔忾恝悽愒愾憇憩扢扱挈揭摖暣栔棄欫气気氣汔汽泣洓湆湇滊漬炁焏甈甭盵矵砌碛碶磜磧磩礘絜綦緝罊肐舙芞葺薺蟿訖讫趞趿跂踖躩迄鼜𠊔𠴹𡍪𡎫𡢖𡱔𡹓𡹩𡻧𡻰𡽼𢍆𢔆𢔠𢜱𢞒𢢖𢢞𢺵𣔘𣪠𣫱𣾤𤺗𤼅𥀻𥄜𥉻𥌁𥓾𥷇𥽳𦈦𦘸𦙊𦚊𦛰𦡹𦧉𦧯𦩣𦪊𧇜𧘧𧙞𧚨𧡘𧻕𧼕𧽓𨁐𨊰𨑤𨒅𨵆𩧌𩨘𪔪
qi5,3,簯緕缼
qia1,18,㤉㧎䶗佉愘抲掐揢搳擖葜袷𠜼𠝛𡤫𢮌𣘟𣣟
qia2,3,䠍拤𡘧
qia3,7,䶗價卡峠跒酠鞐
qia4,53,㓞㓣㓤㡊㮫䁍䂒䈓䛩䨐䯊䶝冾咭圶客帢恰愘挈楬殎洽疴矻硈磍絜髂鮚𠕣𠜤𠝘𠳌𢼣𣁴𣨄𤫶𤵹𥇌𥉰𥎸𥦞𥴭𦝣𦸉𧩶𩥌𩩱𩮁𩷻𪘺𫈰
qian1,138,㗔㡨㢛㥶㩃㩷㪠䀒䇂䉦䞿䫡仟佥僉兛千厱嗛圱圲奷婜孅孯寨岍幵忏悭愆慳扦拪掔揃搴摼撁攐攑攓杄杴檶櫏欦汘汧熑牵牽瓩磏竏签箞簽籤粁縴羥臤芊茾藖蚈褰諐謙谦谸迁遷釺鈆鉛鋟鐱鑯钎铅開阡雃韆顅騫骞鬜鬝鳽鵮鶼鹐𠑲𠔺𠠃𠬾𢃥𢋔𢌍𢍱𢜩𢧥𣘝𣟋𣢬𣢲𤠿𤿷𥏥𥜴𥡝𥱺𥲢𦖎𦢙𧘜𧛓𧟑𧢞𧮮𧲀𧽐𨐋𨐩𨓲𨝍𨦄𨨘𩋆𩑟𩦊𩨓𩪢𪇇𪉻
qian2,97,㓺㦮㨜㩮㪁㸫䁮䅾䈤䐶䕭䖍乾仱偂前墘媊岒忴扲拑掮揵撍朁柑榩橬欦歬涔湔漸潛潜濳灊灒煔燂燖犍玪筋箝羬腱荨葥葴蕁虔蚙赶軡鈐鉆鉗銭錢鍼钤钱钳靬馯騚騝鰬黔黚𠀼𠢍𠷁𢁮𣖳𥔮𥮒𥴤𥷪𦂒𦴑𦼓𧃑𧣑𨜻𨥞𨱫𨺩𨽨𩎖𩨃𩨊𩬚𪈇𪑙
qian3,47,㦿㧄㹂䇜䤘䭤凵唊嗛嵰忏慊撖槏歁浅淺繾缱肷脥膁蜸譴谴遣鑓顩齦𠊭𠋵𠳋𡒌𢮄𣍰𣓅𥦃𥧬𥳐𦅋𧥛𧪯𨗦𨺫𩑳𩒣𪘦
qian4,66,㐸㜞㟻㪁㪠㯠䇜䈴䊴䑶䥅䦲䪈䫡䭑䵖䵛伣俔倩傔儙刋嗛堑塹壍嬱嵌廞悓慊撁棈椠槧欠欿歉淒牽皘篏篟綪縴纤艌芊芡茜蒨蔳輤遣錎鰜𢂺𢃘𣢖𣹥𤬯𧚫𧮽𨰂𬘬
qian5,3,籖鎆鏲
qiang1,68,㳾㾤䤌創呛哐啌嗆嗴将將嶈慶戕戗戧抢控搶斨枪椌槍溬牄猐獇玱瑲矼箐篬羌羗羫腔蜣謒跄跫蹌蹡錆鎗鏘鏹锖锵镪鶬𡬎𡺛𢈵𣫝𦯤𦳟𧇞𧱡𧽩𨄚𨶆𩚕𩣼𩩝𩿄𪁸𪎞𪙎
qiang2,28,㩖丬墙墻嫱嬙廧強强彊樯檣漒爿牆艢蔃蔷薔蘠𡠥𡸤𢏄𢧅𤕽𧖑𧭚𩼒
qiang3,21,㛨㱿勥墏強强彊抢搶槍繈繦羟羥襁鏹镪𢐩𥇉𥓌𥶑
qiang4,18,䵁呛唴嗆戗戧搶摪炝熗羻跄蹌蹡鎗𠼢𥴻𦷦
qiao1,84,㡑㤍㪣㺒䂭䦒䫞䯨䵲劁喿塙墝墽嵪幓幧悄搞摮敫敲校橇橋橾毃毳燆硗碻磝磽礉窯繑繰缲蕉趬跤跷踍蹺蹻郻鄗鄡鄥銚鍫鍬鏒鐰锹雀鞽頝骹𠏖𡌔𡩇𢄹𢐟𢮉𢻤𢿣𣂁𣂇𣂥𣖄𣜽𣟼𣦜𤴀𥉾𥟅𦅃𨃤𨜑𨞶𩖇𩨟𫏋
qiao2,58,㝯䀉䎗䚩䩌䱁乔侨僑劁喬嘺墧嫶峤嶠憔招桥槗樵橋潐焦燋犞癄睄瞧硚礄翘翹荍荞菬蕉蕎藮蟜譙谯趫醮鐈鞒鞽顦驕𡰑𢘟𢻤𣯹𥁢𥪯𧄍𨅣𨝱
qiao3,18,㚽㤍䂪䲾丂巧悄愀愁磽釥雀髜𡺘𢩨𥹶𦢺𨸑
qiao4,56,㚁㢗㴥䃝䆻䇌俏偢僺削嘺噭墝墽壳峭帩悄捎撬撽殻殼硝磽礉窍竅箾翘翹茭誚譑譙诮谯踃蹺躈陗鞘鞩韒顤髚𠿕𡰐𢶡𣒆𣹝𣺰𥀣𧣌𨜍𪑊
qie1,7,㛗切脞苆𠋧𡛠𥕑
qie2,10,㚗䠍䦧伽癿聺茄𡘍𡶐𨚧
qie3,3,且跙𠀃
qie4,101,㓶㗫㛍㛙㤲㥦㰤㰰㰼㹤㼤㾀㾜䈉䞣䟙䤿䫔倢切匧厒唼喋嗛契妾婕帹怯悏惬愜慊挈捷朅椄沏洯淁渫漆猰疌砌稧穕窃竊笡箧篋籡緁蕺藒蛣蛪詧趄跙踥輵郄鍥鐑锲魥鯜鰈𠁠𠩂𠲵𡂠𡐤𡔣𡝍𢍆𢲶𢺅𣠺𤴼𤷾𥪵𥿚𦆍𦼰𦿋𧑨𧚨𧚪𧫕𧻘𧻧𨄊𨉪𨖰𩣴𪑗𪙌
qin1,37,㓎㾣䃢䜷䵖亲侵儭唚媇寴嵚嶔梫欽浸滲綅菳衾親誛鋟钦頜顉駸骎鮼𡵑𣆲𣢐𣨠𤥓𥍯𧡘𧯃
qin2,79,㕂㕋㘦㢙㩒㪁㮗㱽䃡䔷䦦䰼勤嗪噙埁埐堇墐嫀嶜庈廑忴慬懃懄扲捦擒斳槿橬檎溱澿珡琴琹瘽矜禽秦耹肣芩芹菦菳蓁蘄蚙螓蠄覃鈂鈙鈫雂靲鬵鳹鵭𠓿𠘅𣜣𣪄𤚩𤴽𥎊𥎡𥘋𥱧𨙽𨛣𨾰𩎖𪒭𪒯
qin3,30,㓎㝲㾛䫬侵坅寑寝寢昑梫笉螼赺赾鋟锓𠔎𠻨𡫧𢫲𤙋𤿳𥵧𦯈𧼒𧾏𩓒𩔟𪙟
qin4,35,㓎㞬㤈䈜儭吢吣唚寴抋揿搇撳櫬欽沁瀙臤菣藽衿鈊顩𠖶𠜘𠦎𡹢𢱶𣖯𣨠𤵂𦧋𩂈𩐙𩔝
qing1,39,䨝倾傾卿圊埥寈廎慶氢氫淸清漀綪蜻軽輕轻郬鑋靑青靘頃鯖鲭鶄𠑴𠨍𣫨𥃟𧕙𨆪𨓷𨻺𩑭𩗼𪏅
qing2,31,㯳䝼䞍䲔剠勍啨夝情擎擏晴暒棾樈檠殑氰甠精葝請鯨黥𣩜𧖪𩷏𩽡𪄈
qing3,25,㩩㷫䔛䯧傾庼廎檾涇漀磬綮苘莔請謦请頃顷𠗝𡄇𡲀𢹃𩒵𩔥
qing4,36,㵾䂩䋜䡖䯧亲倩儬凊声庆廎慶掅櫦殸清渹濪硜碃磬箐綮罄胜親請謦輕靘𡄔𤭩𥱨𩇝𩇟
qing5,1,硘
qiong1,7,穹芎跫銎鞠𥑎𨉫
qiong2,83,㑋㒌㝁㧭㮪㷀㼇䁚䃔䅃䆳䊄䓖䛪䠻儝卭嬛宆惸憌桏橩焪焭煢熍琁琼璚瓊瓗睘瞏穷穹窮竆笻筇舼茕藑藭蛩蛬赹跫邛銎𠊫𠌖𠤊𡊼𡞦𡦃𡸕𡺺𢞏𢶇𣇬𣋶𣑦𣜧𤢶𤤑𤤶𥑱𥨪𥳎𦦧𦨰𦭭𦾵𨀯𨍶𩑓𩢽𩨯𩬛𩬰𪀛
qiong4,2,𢮍𣶆
qiu1,60,㐀㚱㳋䆋䐐䠓䨂䱸䲡丘丠區坵媝恘惆楸橚櫹湫秋秌穐篍緧萩蓲蘒蚯蝵蟗蠤趥遒邱邺鞦鞧鰌鰍鱃鳅鶖鹙龜龝龟𠀉𠰋𡊣𥔻𥫷𧇸𧏋𧲰𨍊𩵰𪍗𪚺
qiu2,113,㐤㕤㛏㞗㟈㤹㥢㧨㭝㷕㺩㺫䊵䎿䜪䟵䣇䤛仇俅厹叴唒囚团崷巯巰扏捄朹梂殏毬氽氿求汓泅浗渞湭煪牫犰玌球璆皳盚紌絿肍艽莍虬虯蛷蝤裘觓觩訄訅賕赇趜逎逑遒酋醔釓釚釻銶馗鮂鯄鰽鳩鼽𠗈𡲚𢈝𢘄𢛃𢦎𣧝𣭳𤕾𤞰𥥽𥭑𦬖𦰪𦵩𧔭𧣕𧤕𧳫𧺤𧻱𨒊𨟽𨱇𨲒𨺧𩒮𩔕𩗕𩵍𩾁
qiu3,8,䊆䞭搝糗𦦄𧻁𩈸𩝠
qiu4,7,䟬䠗愀踆𧼭𨕦𪖛
quan1,24,㒽䌯卷圈圏奍峑弮恮悛桊棬腃酄鐉駩𠛮𡈉𥁠𥁸𦋓𨟠𨩸𩧴
quan2,99,㒰㟫䀬䌯䑏䟒䠰佺全卷啳圈埢姾婘孉巏惓拳拴捲搼权栓棬楾槫権權泉洤湶灥牷犈狋獾瑔痊矔硂筌純絟縓腃荃葲蜷蠸觠詮謜譔诠跧踡輇辁醛銓铨闎顴颧騡鬈鰁鳈鸛齤𠤹𠥙𡇮𡙅𡙐𡰝𡴔𡺟𢎠𢑆𢫔𣍴𤜍𤥷𤬠𤷄𥁠𥤊𦏮𦓰𧈾𧍭𨛈𨜩𩓫𩘘𩜬𪈻
quan3,20,䅚䊎圳汱烇犬犭甽畎綣绻虇𡿨𢔑𣸋𤰝𥹳𦨚𧸾𪐂
quan4,12,䄐串券劝勧勸灥牶韏𢍕𦍅𨨗
quan5,1,椦
que1,13,決炔缺蒛蚗闕阙𥆸𥗮𧎯𩨭𩨷𩫠
que2,1,瘸
que4,90,㕁㩁㰌㱋㱿㲉㴶㹱㾡䇎䍳䐨䟩䦬䧿䲵傕却卻埆塙墧屈崅悫愨慤搉攉敠榷汋燩猎琷皵硞确碏確碻礐礭舄芍觳趞踖闋闕阕阙隺雀鳥鵲鹊𠞗𡇱𡉉𢔱𢠬𣖫𣛵𣤇𣪹𤡯𤣅𤷽𤿋𤿩𤿵𥀎𥕹𥗙𥜵𥩢𧢩𧢭𨞩𨟠𨢜𨴊𨴒𨵗𩤈𪏈𪏨𪖀𬒈
qun1,16,㟒囷夋峮歏箘踆輑逡遁𡈀𢛕𦽖𧼐𩎗𩤁
qun2,16,㪊㿏䊎䭽宭帬羣群裙裠麇麕𣀄𤛭𤸷𨞗
qun3,2,蹲𦃢
qu1,108,㘗㠊㭕㸖㻃䈌䒧䒼䓚䓛䕮䖦䗇䢗䧢伹佉匤区區去取坥屈岖岨岴嶇怚憈抾敺曲毆浀焌祛筁粬紶組胠脥蛆蛐袪覰覻觑詘誳诎趋趍趜趣趨跙躯軀镼阹鞠鞫駆駈騶驅驱髷魼鰸鱋鶌麯麴麹黢𡱅𡳆𢌷𢴮𢼰𣮈𥬔𥶶𥺷𥽧𦛕𦛱𦸶𧌑𧐅𧠢𧾶𨃘𨄅𨊘𨧱𨱊𨸟𩍔𩖷𩣹𩪍𪌬𪛃𪨰
qu2,120,㖆㜹㣄㩴㯫㲒㲘㽛䂂䆽䋧䝣䞤䟊䢹䵶佢劬句巨忂戵斪朐枸欋氍淭渠灈璖璩癯瞿磲籧絇翑翵胊臞菃葋蕖蘧蚼螶蟝蠷蠼衐衢躣軥遽鉤鐻鑺鮈鴝鸜鸲鼩𠍲𠏛𠣪𡡥𡱺𡲰𢂁𢌄𢎖𢦌𣖪𣭳𣯸𣰋𣰠𣰡𣰻𤢓𤨎𥃔𥗫𥧻𦄽𦐛𦔬𦕙𦣒𦼫𧄒𧊛𧕎𧗪𧝔𧲵𧾱𨎶𨐣𨞙𨞳𨼫𨼽𩇐𩉿𩢳𩧘𩴹𩵅𩽩𩿥𩿩𪀊𪁖𪄊𪆂𪉌𪌆𪍸
qu3,22,㾀䞤䶚取娶弆曲竘竬紶苣蝺詓跔齲龋𡟥𤖬𦗛𧉧𨓭𪋄
qu4,33,㜘㧁㫢㰦䁦䒧䠐刞厺去呿唟欪耝蜡覰覷覻觑誇趣趨跼閴闃阒麮鼁𠇯𡳆𤙏𧻃𩿟
qu5,2,戌迲
ran2,38,㜣㲯㸐㾆䑙䔳䕼䖄䫇䳿呥嘫柟然燃繎肰蚦蚺衻袇袡髥髯𠊌𠤀𠯍𡖝𢓒𣰦𤙼𤡮𤱋𥳚𦫉𪓘𪓚𪚮
ran3,32,㒄㚩㜣㦓㿵䎃䒣䣸䤡冄冉姌媣染橪熯珃苒蒅蹨𠱞𡜉𡜫𤲗𥀫𥀭𥬕𨹌𩃵𩢡𩧬𩶎
ran4,3,𡜉𥣹𥣺
rang1,1,嚷
rang2,20,䉴儴勷孃瀼獽瓤禳穣穰蘘躟鑲鬤𣰶𤬥𤰂𧟄𨟚𩆶
rang3,15,䑋嚷壌壤忀攘爙穰纕蠰𢐿𣩽𤅑𥗝𨏛
rang4,7,懹攘欀瀼譲讓让
rao2,12,㹛娆嬈桡橈犪荛蕘襓饒饶𦪛
rao3,13,㑱娆嬈扰擾繚繞绕隢𠒸𡈦𧳨𨇄
rao4,6,撓穘繞绕蟯遶
re2,2,捼若
re3,5,喏惹若𢞇𧧏
re4,11,㳧偌渃热焫熱若蹃𤑄𧧏𩭿
ren2,23,䌾䚾䛘人亻仁任儿壬妊忈忎朲秂芢鈓銋魜鵀𡰥𢇦𦏀𧥷
ren3,21,㣼㲽䭃忍栠栣棯涊秹稔綛荏荵菍躵銋𠲏𢆉𦬄𩑉𩠈
ren4,55,㠴㶵㸾䀔䀼䇮䋕䏕仞仭任刃刄妊姙屻岃忍恁扨杒梕牣祍紉紝絍纫纴肕腍葚衽袵訒認认讱軔轫釰靭靱韌韧飪餁饪𠯄𣅉𦍌𧴬𨉃𩵕𪔺
reng1,3,戎扔𢫨
reng2,19,㭁㺱䄧䚮仍礽穰耳艿辸陾𠧟𠮨𠯷𠯹𣗐𥾋𧹈𨸐
reng4,3,扔艿芿
ri4,14,䒤囸日氜釰鈤馹驲𠟅𡆸𡈎𡉭𤝍𦨙
rong1,1,茸
rong2,85,㘇㝐㣑㭜㲓㲨㺎㼸䇀䇯䈶䘬䠜䡆䡥䤊䩸傛媶嫆嬫容峵嵘嵤嶸巆戎搈搑曧栄榕榮榵毧氄溶瀜烿熔爃狨瑢穁絨縙绒羢肜茙茸荣蓉蝾融螎蠑褣軵鎔镕頌駥髶𠞕𠹍𣮪𣯏𣯐𥎂𥑳𥨳𥬪𥼬𦗋𦗨𧎣𨉴𨉷𨲟𩍉𩎂𩮠𪃾
rong3,47,㲝䄾䠜䢇䩸傇冗坈宂氄縙縟茸軵隔𠰽𡊫𡊸𡖢𡦼𡫦𡭋𢐿𢦿𢫨𣭲𣯍𣯏𣰇𣲽𤘺𤘻𥎜𦔋𦶇𧉡𨋠𨌣𨍅𨍷𨒆𩒷𩚗𩼅𪕁𪕎𪗴
rong4,2,縙𠌚
rong5,1,穃
rou2,33,㽥䐓䧷䰆厹媃揉柔渘煣瑈瓇禸粈糅腬葇蝚蹂輮鍒鑐鞣騥髳鰇鶔𠠐𢘅𥠊𦍭𨛶𪑶
rou3,8,楺煣葇蹂輮韖𡗑𢔟
rou4,7,㖻䏔宍楺肉腬莥
ru2,70,㐵㨎㾒䋈䞕䰰侞偄儒吺咮嚅如嬬孺帤挐曘桇檽洳渪溽濡燸獳筎繻臑茹蒘蕠薷蝡蠕袽襦邚醹銣鑐铷需顬颥鱬鴑鴽𠟺𠤦𡄲𡜚𡥶𣖹𣚐𣭠𣽈𣽉𤡤𥙦𥞚𦤊𦭰𦳾𦷸𧊟𨚴𩄋𩶯𩸐
ru3,17,㳶㼋乳女擩汝肗辱鄏𡈴𡜃𡫽𡮚𨨜𩍥𪏮𪑾
ru4,24,㦺㹘㾒䄾入嗕媷扖擩月杁洳溽縟缛肉蓐褥鳰𢖵𢛚𣯋𩱨𩶫
ru5,1,嶿
rua2,1,挼
ruan2,11,㧫䙇堧壖撋擩𢱾𣽈𣽳𤲬𥈇
ruan3,45,㓴㮕㼱㽭䆓䎡䓴䞂䪭偄媆朊檽濡燸瑌瓀碝礝緛耎腝蝡軟輭软阮需𠟺𠤦𢘧𢡵𣃅𣡗𤧠𥊶𥎀𥎘𥩗𥯬𦶇𦺾𨋚𨒩𩏈
ruan4,4,緛𨨰𨪳𨬔
rui2,15,㧫㮃䅑䬐婑撋桵甤綏緌苼蕤踒𣬘𦼆
rui3,11,惢橤繠蕊蕋蘂蘃𡯒𣛚𥳝𧄜
rui4,34,㓹㢻㨅㪫㲊䂱䄲䇤䌼䓲䜭兑内叡壡抐枘棁汭瑞睿笍芮蚋蜹鈉銳鋭鏸锐𢣳𨧨𨳙𪏩
run2,4,撋瞤𥆧𩀋
run3,1,𠷀
run4,12,㠈䏰䦞橍润潤膶閏閠闰𨳝𨷎
ruo2,3,挼捼撋
ruo4,29,䐞䚥偌叒婼嵶弱惹楉渃溺焫爇箬篛芮若蒻鄀鰙鰯鶸𢜪𤍽𤣼𦩸𧃪𨀝𨴚
sa1,7,仨挱挲撒𠬙𣬬𥋌
sa3,15,撒攃洒潵灑纚訯躠靸鞈𡄳𥸗𨐖𩎕𩨞
sa4,60,㒎㚫㪪㽂䊛䑥䙣䛽䬃卅摋檫櫒殺泧脎萨蔡薩虄訯趿鈒鎝鏾钑隡霅颯飒馺𠎷𠦃𠱡𠿓𡐥𡒁𢓔𢕬𢫬𢶍𢻨𣀯𣘤𣜂𥵯𥻦𦠿𦻅𦼧𧀕𧭝𨃛𨆂𨷆𩆅𩐅𩗉𩗞𩣞
sa5,1,𠮿
sai1,17,㩙䚡䰄嘥噻塞思愢揌毢毸腮顋鰓鳃𡨄𪃄
sai3,3,㗷㘔䈢
sai4,8,僿嗮塞簺賽赛𡬉𦞫
san1,23,䈀三厁叁參弎散毵毶毿犙糝蔘謲鬖𢁘𣀫𣬛𦙱𦙸𧱆𧽾𩯑
san3,33,㧲䉈䊉䫩仐伞傘傪參散糁糂糝糣糤繖蔘鏒鏾霰饊馓𡙘𢕕𥊀𥒬𦷻𦺻𩀲𩀼𩜱𩞀𩨡
san4,17,㤾㪔㪚䫅俕帴悷散潵閐鬖𢕕𣀧𣮠𦡨𧗋𨸃
san5,3,壭橵𠮿
sang1,14,䘮丧喪桑桒槡纕𡠏𦅇𧍨𨢆𩐷𩦌𪔬
sang3,15,䡦䫙嗓搡磉褬鎟顙颡𡕏𣞙𤸯𥔫𦟄𩺞
sang4,5,䘮丧喪𣉕𣊝
sao1,42,㥰㺐㺑䑹哨慅懆掻搔橾溞縿繅繰缫缲臊螦鄵颾騒騷骚鰠鰺鱢鳋𠋺𢔳𣉔𣔱𤠘𤢖𥰱𦏛𦞣𧂩𧖠𨪊𩙈𩙰𩮚
sao3,9,㛮䕅埽嫂扫掃騷𦺋𦾘
sao4,29,㲧㿋䐹哨埽懆扫掃搔梢氉燥瘙矂臊鐰髞𢜶𢠡𢤁𢮞𣰕𦕏𦟄𧑫𨃣𨧪𩫦𪍻
se1,1,閪
se4,96,㒊㥶㮦㱇㴔㻭㾊䉢䊂䔼䨛啬嗇塞寨廧愬懎拺擌栜槭歮歰泣洓涩渋溹漬澀澁濇濏瀒琗瑟璱瘷穑穡穯粣繬色薔虩譅轖鉍銫鎍鎩鏼铯闟雭飋𠎸𠟦𠟩𠢳𠵭𠽼𠿗𡫟𡵶𢀋𢃢𢡉𢱢𣚟𣽤𤁧𤖗𤛷𤾿𥈽𥱁𥷹𥻨𦆄𦐅𧈈𧒓𧒗𧨷𨆙𩃑𩄜𩇣𩊯𩍙𩏫𩕡𩰙
sen1,10,㜗傪摻森椮槮滲襂𣟹𧂅
sen3,2,洒𩕌
seng1,3,䒏僧鬙
seng4,1,𡬙
sha1,66,㠺㲚㸺䤬乷刹剎唦挱挲摋杀杉桬榝樧殺毮沙煞猀痧砂硰粆紗纱莎蔱裟賒鎩铩閷魦鯊鯋鲨𠄒𡺧𢅑𢩖𢫬𢶌𢼵𣉜𣛶𣡽𣲓𣲡𣶤𣻑𤍁𤑣𦀛𦕉𦭉𦱵𧋊𧜁𨪍𩊮𩮫𩵮𪄅𪌮
sha2,1,啥
sha3,3,傻儍𧫝
sha4,55,㛼㬠㰱㰼㵤䈉䝊䬊倽厦哈唼啑啥喢嗄噎帹廈接攝歃歰沙濈煞箑翜翣菨萐閯霅霎𠍽𠚺𢇗𢔣𣓉𣣮𣣺𤟃𥈊𥯦𦔯𦔰𦩿𦾚𧏫𧚨𧲌𧳛𧻵𨖷𨘉
sha5,1,繌
shai1,9,㩄㴓筛篩簁簛諰酾釃
shai3,5,摋繺色𢄌𧜁
shai4,14,㬠䵘攦晒曬殺閷𠱡𣻑𧜁𨢦𩂃𩂝𩴇
shan1,83,㰑㺑䀐䘰䩔䪌删刪剼嘇圸埏姍姗山幓彡扇挻搧摻杉柵栅檆櫼潸澘烻煔煽狦猭珊痁穇笘縿纔羴羶脠膻舢芟苫葠蔪衫襂襳跚軕邓邖釤钐閊顫髟鯅𣆴𣖉𣧺𣬛𣲀𤢖𥊀𦎞𦏂𦳫𦺭𧛄𧛡𧲾𨁆𨏪𨝩𨝵𩁺𩌰𪑃
shan2,1,𧨾
shan3,41,㚒㨛㨻㪎㴸㶒㺑䁴䠾掺摻晱炶煔熌睒覢閃閄闪陕陝顃鿃𠿞𡟨𢒉𢒹𢿈𣪶𤇄𤊼𥄘𥈚𧀵𧧵𧴭𨹈𨹊𩆤𩆫
shan4,102,㣌㣣㨛㪨㯆㺑䄠䚲䡪䥇䦂䦅䱇䱉䴮傓僐僤儃儋剡单善單墠墡壇嬗嶦扇掞掸撣擅擔攙敾椫樿檀歚汕潬澹灗疝磰禅禪笧繕缮膳苫蟬蟮蟺訕謆譱讪贍赡赸鄯釤銏鐥钐饍騸骟鱓鱔鱣鳝𠚹𠫹𢕻𢩢𢫔𣓒𣩧𤀤𤮜𤺪𥔱𥰢𥸣𦍸𦘹𦶋𧎥𧭽𧷶𩟋𩦐𪍶𫮃
shang1,34,䵰䵼伤傷商場塲墒愓慯殇殤汤湯滳漡熵禓蔏螪觞觴謪踼鬺𠼬𤎘𤳈𤵼𥏫𧶜𨢩𨶼𪄲
shang3,15,䬕上垧埫扄晌曏賞贘赏鑜𧡮𧶜𩞃𩞧
shang4,12,䟫丄上尙尚恦緔绱蠰鞝𤔚𤵼
shang5,1,裳
shao1,37,䈰䈾䔠娋弰捎旓梢溲烧焼燒稍筲綃艄莦萷蕱蛸裢輎鞘韒颵髾鮹𠷃𡡏𢼼𥙬𥳓𦄏𦓴𨱭𨲆𩬏
shao2,15,㲈㸛佋勺招杓柖玿芍苕韶𢦽𤱠𦯐𨊢
shao3,13,㪢䒚䔠少捎搜髾𢾐𥵦𦿃𧣪𨈘𨙹
shao4,36,㷹䏴䙼䬰佋削劭卲召哨娋少捎柖梢潲燒燿睄稍笤紹綤绍艄袑邵髾𠣫𠧙𤉎𦓴𦡱𧣪𧳹𨛍
she1,16,奓奢檨猞畬畲賒賖赊輋𠾏𡄢𥿞𨣍𩩗𪨶
she2,31,㓭㵃䞌佘折抴揲碟磼舌虵蛇蛞蛥邪鉈鍦闍阇鞨𠋞𢶅𣸚𤜣𥝀𥰰𦯬𦴍𦼢𧉮𧵳
she3,4,䬷捨舍𢉃
she4,66,㢵㤴㴇䀅䀹䄕䜓䠶䤮䬦厍厙射弽慑慴懾拾挕摂摄摵攝欇歙涉涻渉滠灄睫社聶舍舎葉蔎蠂設设赦韘騇麝𠪣𠴯𢗭𣝒𣠞𣣭𤙱𤠭𤺔𥁹𥍉𥔡𥘦𦁗𧌖𧮿𨛭𨝫𩂨𩂴𩙝𩮐
shei2,2,誰谁
shen1,98,㑗㕥㜪㮱䅸䯂伸侁信兟参參呻堔妽姺娠嫀屾峷幓扟抻搷敒曑柛棽氠深燊珅甡甧申眒砷神穼籶籸糁糝紳綝绅罙胂莘葠蓡蔘薓裑訷詵诜身鉮震駪鯓鯵鰺鲹鵢𠃫𠻝𡖬𢈯𢏎𢘊𣃵𣇗𣔗𣘘𣘲𤶴𥆣𥥍𥥿𥳱𥸬𦐹𦜊𦸂𦸯𦺷𧢹𨊘𨐍𨐔𨐕𨝐𨞲𩉼𩺵𬳽
shen2,9,䰠什榊甚神鉮鰰𤕊𬬹
shen3,47,㚞㚨㰂㶒㾕吲哂嘇婶嬸审宷審弞抌曋棯槮沈淰渖瀋瞫矤矧覾訠諗讅谂谉邥頣魫鯅𠘆𡼬𢈇𢊲𢏦𢸙𣿇𤏗𥏖𥬐𧀯𩶇
shen4,41,㥲㰮㵕䆦䫖䰼侺愼慎昚椹涁渗湛滲甚瘆瘮眘瞋祳罧肾胂脤腎葚蜃蜄鋠黮𠂧𠗿𢊖𥥍𦌀𦕽𦜜𧵬𨴐𩅨
sheng1,46,㱡䲼䴤升呏声姓斘昇曻枡栍殅殸泩湦焺牲狌珄生甥竔笙聲胜苼鉎鍟阩陞陹鵿鼪𠇷𠴢𢦑𣢡𣬺𤚣𥘥𥟎𦖞𧿘𨁠𨕻
sheng2,11,䱆憴渑澠縄繩绳譝鱦𦩱𩍋
sheng3,21,㗂㮐㼳㾪䁞䚇䪿偗冼渻省眚箵𡞞𡨽𦔄𦳗𧍖𨜜𨲓𨵥
sheng4,39,㹌㼩䎴䞉丞乘剩剰勝圣垩墭娍媵嵊晟晠椉榺橳琞甸盛繩聖胜蕂貹賸𠓸𠓽𤯡𦕡𦛙𧡶𧪝𨚱𨲉𪅻
shi1,88,䌤䌳䏉䗐䙾䴓厔呞嘘失尸屍师師施浉湤湿溮溼濕灑狮獅瑡箷篩絁葹蒒蓍虱蝨褷襹訑詩诗邿酾釃釶鉇鉈鍦魳鯴鰤鲺鳲鳾鶳鸤𠇳𠓤𠷇𡂓𡟕𡠋𢀕𢧏𢺿𢻫𢼉𢼊𣁒𣤘𤹌𥍸𥛨𥜰𦌿𦒈𧍀𧕯𧜂𧠜𧠡𧩹𩒂𩙢𩥐𩬭𪀔𪓻𪓿𫚕
shi2,74,㖷㫑㵓䂖䄷䈕䖨䦹䲽䶡乭什十埘堤塒姼实実宲寔實峕嵵拾提时旹時榯汁湜溡炻石示祏竍莳蒔蚀蝕識识辻遈鉐食飠饣鮖鰣鲥鼫鼭𠥿𠩔𠯰𠰴𡀗𡚼𡫵𡺔𢨝𢻘𣏚𣧚𤸤𥇲𥐘𦔂𧄹𨙩𪊢
shi3,42,㕜㢁㹬㹷䂠䒨乨使兘史始宩屎彖斯施榁狶痑矢笶豕鉂駛驶𠘪𡰯𡱁𡶈𢁓𢏯𣆘𥑏𦰯𦳊𧥖𧳅𨴯𩭐𩰢𪊢𪗧
shi4,198,㒾㔺㱁㳏㸷㹝䁺䊓䏡䛈䜴䟗䤭䤱䦙䩃䭄䰄世丗亊事仕似侍冟势勢卋叓呩咶唑啇嗜噬埶士奭媞嬕室寺屍峙崼市式弑弒徥忕忯恀恃惿戺拭挈揓是昰枾柹柿栻楴檡殖殺氏沶液澤澨烒煶狧畤眂眎眡睗示礻秲筮簭繹耆肢舍舐舓莳蒔螫褆襫視视觢試誓諟諡謚識识试谥豉貰贳赫跩踶軾轼适逝遞適遰遾郝醳釈释釋鈰鉃鉽銴鍉鎩铈飭飾餙餝饰馶鰘齛𠀍𠁗𠡥𠫺𠰚𡅵𡉸𡣪𡷈𢂑𢃰𢝬𢟯𣚌𣬐𤆰𤉏𤑦𤖻𤜣𤢼𤯄𤯜𥅔𥅞𥥥𥫴𥰰𥼶𥿅𥿮𦔥𦚨𦿇𧊖𧋒𧝊𧞲𧧅𧳅𧵋𧻸𨒍𨒧𨟂𨱡𨸝𨽄𩋡𩗎𩛌𩛏𬤊
shi5,6,佦匙殖篒籂𥫽
shou1,9,㧃収收敊𠈅𤙘𤚔𤱜𥅪
shou2,1,熟
shou3,17,㝊䭭垨守手掱艏首𡧕𡭮𥅷𥾹𦣻𧵃𩠦𩠶
shou4,42,㖟㥅䛵兽受售嘼壽夀守寿授涭濤狩獣獸痩瘦綬绶膄醻鏉𠱔𠷃𠷎𡬳𣒻𥙰𥨝𧈙𧌅𧚯𧜃𧤙𧯼𨛶𨞪𨱒𩴍𪈀
shou5,1,扌
shu1,97,㑐㓱㡏㸡㼡䇬䨹䩱䱙书俆俶倏倐儵兪叔姝娶尗忬悆抒捈掓揄摅攄書朱杸枢梳樞橾殊殳毹毺氀淑瀭焂瑹疋疎疏紓紵綀纾翛舒荼菽蔬豫跾踈軗輸输透鄃陎除鮛鵨𠘧𠙎𡧔𢞣𣉛𣰿𤕟𤱐𤴙𥳕𥿇𦈌𦈷𦍄𦐣𦤂𦶕𦺗𧊠𧠣𨁀𨐅𨛭𩛅𩪍𩳅𩷌𩾈𪅰
shu2,26,㒔㯮䃞䴰售塾婌孎孰尗术熟璹秫蒣蠾贖赎𡒒𡦛𢧇𣤯𧇝𨶝𨷙𩢻
shu3,46,㻿䑕䝪䞖䟉属屬数數暏暑曙潻癙稌籔糬署蔬薥薯藪藷蜀蠴襡襩鐲鱪鱰黍鼠鼡𡤽𡱆𢋂𣀻𤻃𥍝𥣋𦺪𧁿𧄔𧑓𧒑𨽉
shu4,98,㛸㜐㡏㣽㫹㲓㵂㶖㷂㽰㾁䉀䘤䜹䝂䠼䢞䢤䩱侸俞兪咰嗽墅尌庶庻怷恕戍捒数數朮术束杼树樹沭涑漱潄潏澍濖竖竪絉腧荗蒁虪術裋謶豎贖輸述野鉥錰鏣隃鶐鷸𠊪𠐊𠦜𠲌𠾢𡂡𡊍𡑀𡔪𡣈𢠫𣏗𣻚𤍓𤗪𤘷𤞉𥌚𥞃𦒶𦠦𧗱𧞀𧞫𧼯𨅒𨔦𪌶𪐧𬬸
shua1,6,㕞刷唰涮選𠛚
shua3,5,耍𤔙𩈥𩉆𩤤
shua4,3,刷唆誜
shuai1,9,㲤摔綏縗衰𤠠𤸬𤺀𨄮
shuai3,1,甩
shuai4,17,䢦卛帅帥率蟀𠌭𠞩𢕅𢕑𣘚𣼧𤀤𧍓𧗿𧜠𩘱
shuan1,8,拴栓閂闩𢩠𣔫𣟴𣠸
shuan4,16,䧠專栓槫汕涮腨踹𡭐𢮛𤅲𦁆𦝏𦺲𨄔𨏉
shuang1,30,㕠䉶䌮䝄䨥双孀孇欆泷瀧爽礵艭雙霜騻驦骦鷞鸘鹴𧄐𧕟𧕺𨇯𩅪𩆿𩦌𩽧
shuang3,20,㼽䔪䗮䫪傱塽慡樉漺爽縔鏯鷞𠗾𡑽𥡠𥱶𦄍𦆌𧴅
shuang4,5,㦼淙灀𥲚𧕺
shui2,4,脽誰谁𧀣
shui3,8,水氺𡯑𡱊𢏅𤆙𥫸𦙙
shui4,26,㥨㽷䬽䭨䳠娷帨捝涗涚睡瞓祱稅税裞説说𠻜𢇤𥌘𦣢𨓚𨿠𩟥𩩞
shui5,2,氵閖
shun3,6,䐏吮楯盾輴𨺠
shun4,20,㥧䀢䀵䑞䴄俊巛巡恂橓眴瞚瞤瞬舜蕣順顺鬊𨝜
shuo1,5,哾說説说𧋊
shuo2,1,杓
shuo4,54,㮶䀥䁻䈾䌃䔠勺嗍嗽妁揱搠数數朔槊欶汋洬溯濯烁燿爍獡療矟硕碩箾萷蒴藥銏鎙鑠铄𠲾𠲿𣀝𣝇𣷥𣸛𣻘𤄶𤡯𤢴𥌞𦂗𦃗𦋞𨨺𩟧𪎒
si1,108,㟃㠼㴲㺇㺨㽄䇁䔮䡳䫢䲉丝俬偲傂凘厮厶司咝嘶噝媤廝徙思恖愢撕斯析楒榹泀澌燍磃禗禠私簛籭糸糹絲緦纟缌罳菥蕬虒蛳蜤螄螔蟖蟴謕鉰銯鋖鍶鐁锶颸飔騦鷉鷥鸶麗鼶𠀓𠖓𡡒𢈶𢊀𢛥𢠹𢦲𣂖𣚄𤆟𤣵𤺊𥄶𥐀𥕶𥝠𥠱𥯨𦇲𦇵𦭡𦮺𦸷𦽕𧀚𧝤𨮭𩅰𩆵𩺛𪆁𪆗𪕳𪖉
si2,2,𦔌𧬊
si3,4,偲愢死𣣑
si4,90,㕽㚶㣈㭒㮐㸻㹑䇃䎣䏤䒨䦙亖以伺似佀佁価俟儩兕台司嗣四姒娰孠寺已巳杫枱柶梩汜泗泤洍涘瀃牭祀祠禩竢笥耜肂肄肆蕼覗貄逘釲鈶鈻銉雉食飤飴飼饲駟騃驷𠋡𠭈𠳎𢍭𣙼𣣌𣩠𣱻𣽷𤱸𥒲𥙉𥹊𧀩𧣛𧱅𧳙𨽼𩵗𩸟𪊍
si5,2,厕廁
song1,46,㣝㬝䈡䯳䯷䲲倯凇娀崧嵩庺忪憁憽揔松枀枩柗梥棇檧淞濍硹菘蘴蜙鍶鬆𢓣𢔋𢤄𣚜𣽫𤾥𦬘𧊕𧌻𨠤𨱛𨱿𩃭𩮀𪀚
song2,4,㞞鬆𩩺𪨊
song3,29,㧐㨦㩳䉥䜬傱嵷怂悚愯慫捒摗楤漎竦耸聳蓯駷𡷽𡾼𢔩𢖗𢱤𥳺𨴏
song4,22,㕬㮸䛦䢠吅宋訟誦讼诵送鎹頌颂餸鬆𠳼𡇝𦯕𦷴𩃍𩠌
sou1,62,䈭䐹䑹䗏䤹䩳䬒䮟䱸凁叟嗖廀廋捒捜搜摉摗撨敕涑溲潚獀艘蒐蓃螋鄋醙鎪鏉锼颼颾飕餿馊騪𠘂𠝬𡠼𡣂𢲷𢴼𣔱𣮬𣯜𦢩𧳶𧼭𧽏𨡻𨤇𩗣𩘠𩙫𩨄𩮃𩮶𩮸
sou3,35,㖩㛐㟬䈹䉤䏂䮟傁叜叟嗾擞擻族棷櫢溲瞍籔蓃薮藪謏𠋢𠌞𠌟𠪇𤕇𥈟𥖻𥰞𦺌𧩮𧼭𨺦
sou4,11,嗖嗽搜擞擻欶瘶謏𥯪𧔅𧩮
su1,27,㢝㲞䌚䲆卹囌捽櫯甦稡稣穌窣苏蘇蘓酥鯂𠻜𢋈𢢒𢸫𣩷𤼀𧔖𧺷𩲵
su2,4,俗圱𠐍𦎄
su3,1,𣷶
su4,141,㑉㑛㓘㔄㕖㜚㝛㨞㩋㪩㬘㯈㴋㴑㴼䃤䅇䎘䏋䑿䔎䘘䛾䥔傃僁僳嗉嗖埣塐塑夙嫊宿愫愬憟搬摵梀棴榡樎樕橚殐泝洬涑溯溸潚潥玊珟璛碿簌粛粟素縤縮缩肃肅膆莤蓿蔌藗觫訴謖诉谡趚蹜速遡遬鋉餗驌骕鱐鷫鹔𠷃𡎮𡖯𢎎𢖏𢚑𢢒𣝝𣫎𣯼𣶘𣿈𤌂𤛝𤠚𤡃𤢂𤢘𤤐𤥔𤭴𤸮𦌉𦌊𧀌𧐁𧐒𧐴𧜦𧞺𧥆𧩝𧼭𧽷𨱈𩐫𩐼𩘰𩘹𩙨𩝥𩳒𪁽𪄑𪅄𪋝𪌔𪍛𪐮𪖶𫂙𫗧
suan1,10,䝜狻痠酸𤶤𦾹𨠡𩆑𪘑𪘝
suan3,4,㔯匴篹𠥘
suan4,11,䔉撰祘笇筭算蒜選𥳪𥴵𩈲
sui1,45,䧌䪎倠哸嗺夊娞尿挼撋毸浽滖濉熣眭睢綏縗芕荽荾莎葰蓑虽雖鞖𠌱𠨌𡝓𣮄𣯧𣯯𤯖𦉎𦵭𦸏𧈧𨾡𩃃𩌩𩏘𩞅𩮴
sui2,17,㵦㻟䜔䢫瓍綏绥遀遂遺陏隋随隨𥶻𧲈𩙇
sui3,11,䭉䯝瀡膸靃髄髓𠕸𧃚𧆑𨾬
sui4,100,㒸㞸㥞㴚㻪㻽䅗䉌䍁䔹䠔䡵䥙䯿亗埣嬘岁嵗彗旞檖歲歳澻煫燧璲睟砕碎祟禭穂穗穟篲粹繀繐繸脺襚誶譢谇賥遂邃鏸鐆鐩隊隧韢𠭥𡑞𡶣𡷼𡹖𡻕𢅕𢇥𢈼𢒱𢟩𣄧𣩡𤡪𤬫𤭢𤻄𥊴𥕸𥡜𥢍𥤼𥱵𥴦𦃒𦄑𦅵𦇀𧌢𧞸𧡏𧨧𧸙𨆏𨒉𨣢𨷃𩍚𩎰𩏚𩏲𩗶𩝌𫟦𬭼
sun1,16,喰孙孫搎槂狲猻荪蓀蕵薞飧飱餐𧂍𧎤
sun3,21,㔼㦏㨚䁚䐣扻损損栒榫笋筍箰簨跣鎨隼鶽𠣬𣕍𦠆
sun4,2,摌潠
suo1,51,㛖㛗䓾䔋䯯些傞唆嗍嗦娑戲抄挱挲摍桫梭沙犧獻睃簑簔縮缩羧莎莏蓑衰趖逡髿魦鮻𠈱𠱗𢘿𣒹𣯌𤀤𥁲𥆝𥇇𦟱𧨀𨒽𩊮𩌢𪌮
suo2,1,𩡾
suo3,70,㪽㮦䂹䅴䈗䖛䞆䞽䣔䲃䵀乺唢嗩娑嫅惢所暛溑琐琑瑣璅索縒葰褨鎈鎍鎖鎻鏁锁霍靃𠋲𠝿𠞯𠩄𡩡𡱳𢚭𢱡𢱢𤸴𤺫𥔭𥕘𥰼𦅊𦵫𧎫𧎳𧛻𧴪𧴲𨻈𨻨𩋝𩌆𩌈𩘝𩙭𩪈𩮛𩹳𪍔𪍟𪍨
suo4,12,䐝䵀些娑歲溹蜶逤𠗼𠘺𢷾𪍌
suo5,1,嗦
ta1,25,㯚䌈他嚃塌太她它榙溻牠祂褟趿踏鉈铊闧靸𡌩𢞠𦈖𦭟𦱆𧪦
ta2,2,蹹𨓬
ta3,19,㗳㺚呾塔墖溚獭獺鰨鳎鿎𦑼𨶀𨸉𩥑𩨌𩫊𩷽𩺗
ta4,124,㒓㛥㣛㣵㧺㭼㯓㳠㹺㿹䂿䈋䈳䌈䍇䍝䎓䑜䑽䓠䜚䪚䳴䵬䶀䶁傝哈嗒嚃嚺崉拓挞搨搭撻榻橽毾沓涾漯澾濌濕狧禢荅誻譶踏蹋躢达達遝遢錔鎉鎑闒闟闥闼阘鞈鞜鞳韃鮙𠉂𠴲𠷍𡂖𢃕𢺉𣗶𣝋𣥂𣥷𣯚𤄥𤒻𤛣𤠐𤠟𤿽𥗓𦍒𦐇𦑇𦑲𦑶𦧛𦧞𦧟𦧥𦧱𦨎𦪙𦶑𦾽𧌏𧔣𧖆𧮑𨃚𨆰𨌭𨔯𨙎𨰏𨵝𩋅𩌇𩌉𩌐𩌘𩎽𪂌𪔕𪘁
ta5,2,侤咜
tai1,13,台咍囼孡漦珆胎苔釐駘𧉟𧭏𩬠
tai2,44,㒗㙵㣍㬃㷘㸀䈚䑓䔶儓台坮嬯抬擡斄旲枱檯炱炲箈籉能臺苔菭薹詒跆邰鈶颱駘骀鮐鲐𡒢𢖤𣣿𥙉𦻀𩿡𪒴
tai3,5,㘆呔奤騃𤗿
tai4,28,㑷㥭䣭儓冭大太夳忕忲态態汏汰泰溙燤肽舦酞鈦钛𡇷𦒰𧉑𧮼𪐝𪐥
tai5,1,粏
tan1,38,㘱㨏㳩㴂㵅䆱䑙啴嘽坍怹摊撣擹攤滩漢潬灘痑瘫癱舑舔貪贪𠫶𣢌𣵢𣸙𣼚𣽯𦙇𦧏𦧴𦨸𦸁𦼎
tan2,89,㜤㲜㷋㽎㽑䃪䉡䊤䐺䕊倓單嘾坛埮墰墵壇壜婒弹彈惔憛昙曇榃橝檀沈淡湛潭澹炎燂痰癉磹禪繵罈罎胆蕁蕈藫覃談譚譠谈谭貚郯醈醰錟锬镡顃餤鷤𠻪𡅄𡊨𢅀𢇧𢇰𤐔𤺺𥩒𥰨𥹠𥼟𥼮𦗡𧂇𧣁𧣹𧰘𧽼𨝸𩖖𩠽𩡄𩡝𩪺𪍵
tan3,37,㫜㲭䏙䞡䦔但僋儃嗿坦壇忐憳憻暺毯璮緂胆菼袒裧襢醓鉭钽𤎥𦃖𦌪𧫿𧺟𨁴𨅍𨡍𨣕𩑰𩒢
tan4,32,㛶㤾㵅㶒䀡䐺䗊䜖倓傝僋叹嘆埮探撢歎湠炭碳舕賧黮𣁗𣞔𣴽𧥞𧵊𨂞𩤞𪉧𪊇
tang1,29,㓥䞶䠀劏嘡汤湯簜羰耥膛蕩薚蝪趟蹚鏜鐋鐺铴镗閶闛闣鞺鼞𢴳𦳝𨲗
tang2,74,㑽㙶㜍㭻㲥㼺䅯䉎䌅䕋䣘䧜傏唐啺坣堂塘嵣愓搪棠榶樘橖溏漟煻瑭磄禟篖糃糖糛膅膛蓎螗螳赯踼逿鄌醣鎕鏜镗闛隚餳餹饄饧鶶𠗶𠢃𠹔𢻿𣙟𤚫𤠯𥋡𦪀𧱵𨆉𨌩𨍴𨎋𨶈𩘜𩥁𩹶𪕹
tang3,30,㒉㼒㿩伖倘偒傥儻帑惝戃擴攩曭欓淌爣矘耥踼躺鎲钂镋黨𡿓𢠵𣎲𤾉𨎖
tang4,15,䞶䟖䠀儻摥湯漡烫燙蕩趟蹚躺鐋𨉱
tao1,61,㣠㫦㹗䀞䀺䈱䑬䤾叨夲夵嫍幍弢慆抭掏搯槄涛涭滔濤焘燾瑫絛綢縚縧绦詜謟轁鞱韜韬頫飸饀饕𠇏𠌪𠓝𠗆𠚜𠞞𠬢𡺫𢓘𤘸𤙎𤨐𦃡𦍷𦺰𨌨𩎢𩏾𩥅𩹴
tao2,52,㲈䄻䛌䛬䬞匋咷啕姚挑掏桃梼檮洮淘祹籌綯绹萄蜪裪跳迯逃醄鋾錭陶鞀鞉饀駣騊鼗𡍒𢔇𣰺𤚟𤴻𤵟𥰜𨡒𩋃𩘿𩙧𩛽𩤉𪇘𪌼𫘦
tao3,5,䚯䵚套討讨
tao4,5,㚐套韜𣨔𣺮
te4,24,㥂㧹匿式忑忒慝特犆職脦螣蟘貣貸鋱铽𠈸𢘋𣘱𤙰𥊸𥌩𦗟
te5,1,脦
tei1,1,忒
teng1,9,䮴熥膯鼟𢚺𤃶𤳘𦡪𪔶
teng2,43,䒅䕨䠮䲍䲢僜儯幐滕漛疼痋籐籘縢腾藤虅螣誊謄邆駦騰驣鰧𢟱𢥂𣽨𤹤𥉋𦩫𦪝𦫀𧄼𧈜𧭔𨃗𨄇𩩻𩴝𪒿
teng4,1,霯
ti1,26,㔸䏲䖙䢰䴘体剔擿梯睇踢銻锑體鵜鷈鷉𠞄𢱦𤗢𨁃𨔛𩓂𩤽𪖦
ti2,110,㖒㖷㡗㣢㥴䄺䅠䈕䔶䚣䛱䨑䬫䬾䱱偍厗啼嗁堤姼媂媞崹徲惿折提是桋梯渧漽珶瑅睇碮磃禵稊穉綈緹绨缇罤苐荑蕛虒蝭蟬褆諦謕趧踶蹄蹏遆醍銻鍗隄題题騠鮷鯷鳀鴺鵜鶗鶙鷤鹈𡰎𢓡𣄍𣖅𣖸𣸒𣹲𤗘𤚢𤟥𤟾𤭌𥉘𥳳𥶛𦌢𦻀𧀠𧀰𧋘𧔩𧙣𧡨𨠏𨪉𨴼𩋣𩛑𩛶𩝊𩿷𪁩𫘨𫛸
ti3,18,䌡䣽䪆䶏体徥挮衹躰軆醍骵體鮧𡥩𣈡𣉆𨉥
ti4,86,㗣㬱㯩䎮䙗䣟䣠䩟䯜䶏䶑俶倜剃剔啑嚏嚔奃屉屜屟弟悌悐惕惖戻挮掦揥替朑棣楴歒殢洟涕狄瓋籊綈绨肆薙裼褅詆趯躍达逖逷適錫鐟髰鬀鬄𡲕𡲿𡸑𢝹𢞖𢧑𢳓𣜹𣤖𣧂𥉈𥡦𥫵𧛒𧝆𧝐𧤍𧨱𧼮𨲎𨲞𩬲𩮜𩳕𪍲𪕩
ti5,1,笹
tian1,25,㬲䀖䋬䚶兲吞天婖沗沾添苫酟靔靝黇𡙒𢓍𣊖𦊊𦧒𦧝𦬞𪅉𪎾
tian2,62,㧂䏦䑚䟧䡒䡘䣶䥖䧃佃嗔塡填寘屇恬搷撣沺湉滇璳甛甜田甸畇畋畑畠盷瞋碵磌窴緂胋菾鈿鎮钿闐阗顚餂鴫鷆鷏鿬𢇶𤤦𤫞𥧑𥪧𦗀𦳇𧨸𧰊𨉾𨌈𩚣𪌩
tian3,58,㖭㙉㜤㥏䄼䄽䐌䠄䣯䩄䬯䵺倎典唺填奵娗忝悿捵晪栝殄淟琠町痶睓紾腆舔蚕覥觍賟銛錪鍩靦餂𠂈𠗘𡒧𤲖𥪌𥳫𥵶𧉂𧌎𧨩𧹖𨆁𨡁𨡏𨹻𩈍𩉁
tian4,22,㐁㮇㶺䑙掭添琠瑱睼瞋舚菾蚺跈顚𤘠𤩱𦔿𦗁𦧖𦧡𨸱
tiao1,22,㬸䄻䑬佻庣恌挑旫桃條祧窕聎𠛪𡯿𡳏𢈄𢓝𣂁𣂥𦩄𨋫
tiao2,56,㟘㨄䎄䒒䖺䟭䩦䯾䱔䳂佻儵啁岧岹挑朷条條樤祒稠笤脩芀苕萔蓚蓧蓨蜩調调趒迢銚鋚鎥鞗髫鯈鰷鲦齠龆𠤺𠧪𡠊𣒼𣟐𣬸𥶏𦴚𦺰𧌁𩲤
tiao3,15,㸠䠷嬥宨挑斢晀朓窕窱脁誂趒𢳙𢺫
tiao4,20,佻咷姚朓眺粜糶絩艞覜超趒趠跳踔頫𢖈𥎺𨾾𪌪
tiao5,2,挑螩
tie1,14,占帖怗怙惵聑萜蝶詀貼贴跕鉆𦝒
tie2,1,䩞
tie3,13,䥫僣帖蛈鉄銕鋨鐡鐵铁驖鴩𢶋
tie4,11,䑜䴴䵿呫帖飻餮𤝓𦧢𦧤𪎋
ting1,34,㓅䇸䋼䯕厅厛听庁庍廰廳朾桯汀渟烃烴町綎耓聴聼聽艼鞓𠄚𤘖𥑈𦉬𦗟𧰩𨊡𩨑𬘩
ting2,42,㹶㼗䁎䗴䱓亭停奠婷嵉庭廷挺楟榳渟筳聤莛葶蜓蝏諪邒閮霆鼮𡈼𣂴𤗞𥥶𥴑𦐿𦝞𧓴𧖨𧶺𨉬𨓍𩆆𩐴𩹇
ting3,41,䅍䦐䱓䵺侱侹圢娗挺梃涏烶珵珽町甼脡艇莛誔鋌铤閮頲颋𠕊𠘋𡈼𡔛𢽄𣄿𣉡𤱹𥫙𨁗𨳑𨳝𨸁𩑙𩒞𪊶
ting4,8,忊梃汀濎聽𢬫𥆑𦕢
tong1,22,䳋侗嗵囲恫恿桐樋炵熥痌絧蓪通𡠙𢄟𣌾𣻢𥲆𧳆𧳿𨀜
tong2,106,㠉㠽㣚㣠㤏㮔㸗㼧㼿䂈䆚䮵䳋䴀䶱仝佟侗偅僮勭同哃垌峂峒峝庝彤晍曈朣桐橦氃洞浵湩潼烔燑爞犝狪獞痌眮瞳砼硐硧秱穜童筒筩粡絧膧艟茼蚒蜼蟲衕詷赨酮重鉖鉵銅铜餇鮦鲖鼕𠖄𡦜𢈉𢏕𢓘𣑸𣪯𤱇𤺄𥩌𥫂𦏆𦒍𦨴𧇌𧊚𧋒𧋚𧌝𧳆𨚯𨜳𨝯𨠌𩍅𩩅𩻡𪀭𫍣
tong3,18,㛚㣚㪌䆹侗垌捅桶樋筒筩統綂统𢳟𧙥𨈹𪌢
tong4,8,同恸慟憅痛衕通𥦁
tou1,10,偷偸婾媮愉鋀鍮𡇧𨪐𨱎
tou2,22,㓱㡏㢏䕱䵉亠头投緰褕逗頭骰𡷠𣂮𣪌𦈕𨯲𨷩𪁞𪉘𪎨
tou3,19,㪗㰯㳆㼥䚵䱏妵敨斢紏蘣諭諳钭飳黈𩜶𩿢𪌘
tou4,10,㖣㰯䞬䟝埱綉透𣛾𧺢𨔙
tou5,2,头頭
tu1,41,㟮㻬䛢䞮凸唋堗宊嶀怢捸梌涋湥瑹痜禿秃突葖鋵鵚鼵𠊲𠞀𠟶𠫓𠳶𠸂𡸂𢬳𣅝𣒇𣲱𤷿𥥛𥨜𥯝𦩤𧳌𪉍
tu2,91,㭸㻌㻠㻯䅷䔑䖘䠈䣄䣝䤅䩣䳜余兔凃啚図图圕圖圗土塗墿屠峹嵞庩廜徒悇捈揬摕斁杜梌檡涂潳瘏稌筡腞腯荼菟蒤趃跌跿途酴鈯鍎馟駼鵌鶟鷋鷵𠫮𠻬𡇩𡸂𡺴𢉜𢝀𣈥𣔻𣘻𣥳𤙛𤟪𥂋𥧣𥱻𦔅𦝬𧛗𧧶𨑒𨝛𨢬𨨷𨱄𨴩𩥽𪑏𬳿
tu3,6,吐土圡釷钍𨙭
tu4,13,㒔兎兔吐堍莵菟迌鋀鵵𩣮𩸃𩾅
tu5,1,汢
tuan1,10,䝎䵊䵎湍煓猯褍貒𧰄𪏖
tuan2,40,㩛䊜剬剸团団團塼嫥專慱抟揣摶敦槫檲漙磚篿糰蓴鏄鱄鶉鷒鷻𡁴𢮛𣶣𧐕𧓘𧽢𨪒𩃘𩘯𩜵𩠊𩠹𪈋
tuan3,8,䜝䵯墥畽疃痪𢣎𤱝
tuan4,6,彖湪税褖貒𧳩
tui1,11,㞜啍忒推焞蓷藬讉追𧆸𨌴
tui2,47,㢂㢈㢑㾯㾽㿗䀃䅪䫋僓墤尵弚弟橔穨蘈謉蹪隤頹頺頽颓饋騩魋𡷜𢈹𢉭𢊮𢟴𤗴𤸉𥢢𥶐𧝋𧮓𨆨𨗞𨘃𨽟𩓬𩘺𩙬𬓼𬯎
tui3,13,㞂㟎㱣㾼㿉俀僓聉脮腿蹆骽𡯵
tui4,23,㞂㥆㳷㷟侻娧怢煺税脱蛻蜕褪退駾𠺙𢓇𢠮𤍐𥲣𦖦𦜄𩳕
tun1,22,㬿吞吴呑啍噋憞敦旽暾朜汭涒焞蜳黗𣋄𧑒𨧐𨹙𩷵𪏆
tun2,45,㩔㹠㼊吨囤坉屯庉忳敦沌炖燉窀純肫膯臀臋芚豘豚軘逐霕飩饨魨鲀𠭿𡉒𥴫𥸵𦍓𦜴𦟓𧰭𨔡𨙲𨳘𩂄𩖤𪌋𪎴𪎶
tun3,11,㖔䀫吨氽畽錪𢞋𢥽𣵞𦜯𦟙
tun4,6,㧷旽褪𤶕𨁇𪑒
tuo1,51,䜏䴱乇仛佗侂侻咃嘽托扡拕拖挩捝杔棁汑沰涶税脫脱舄莌袥託説讬隋飥饦馲驝魠𠈁𠰹𠴻𢄿𢩷𢸨𤣯𧦧𧦭𨉋𨒙𨞌𩟰𩢵𩧐𪌂
tuo2,99,㸰㸱㼠㾃䍫䡐䪑䭾䰿他佗坨堶它岮惰柁槖橐池沱沲牠狏砣砤碢磚紽蛇蟺袉袘訑詑跎踻迆迤迱酡鉈鋖铊阤陀陁馱駄駝駞騨驒驮驼鮀鱓鴕鸵鼉鼍鼧𡇈𡩆𡹬𢏜𢑠𢩻𢼊𣵺𣵻𣶦𤝛𤤩𤬾𤱡𥓿𥞒𦑑𦚐𧔳𧕦𧣖𧤓𧧉𧿶𨈷𨉋𨠑𨹔𩃰𩃱𩉺𩎼𩢊𩿽𪘕𪘗𬶍
tuo3,33,㟎㨊䅜䓕妥媠嫷庹彵撱柁椭楕橢綏袉訑軃隋鬌鰖鵎𡐏𡛵𢓰𣟁𣷿𤱧𤹢𦝦𨁡𨲉𨺖
tuo4,26,䲊佗唾拓杝柝毤毻涶箨籜萚蘀跅魄𣗸𣟄𣮆𤗙𥩀𦚈𧜲𧿧𨂫𩅡𩱾
wa1,47,䅅䖯䨟䯉䵷凹劸哇唲啘嗗娃娲媧屲徍挖搲攨汙洼溛漥畖穵窊窐窪蛙鞋鮭黳鼃𠴺𡁌𡚟𢈈𣢉𤬿𤮰𥤺𦞭𧧊𨩶𩨚𩩤𩿺
wa2,7,哇姽娃譌𣢚𤞇𩨾
wa3,14,㧚㼘䠚佤咓搲瓦瓩砙邷𣐎𦘵𦚩𨀄
wa4,28,㒝䍪䎳䚴䠚嗢帓搲瓦聉腽膃袜襪譁靺韈韤𠹁𡧗𤬦𤿗𥥟𥿉𦘍𦤙𦫪𩎟
wa5,3,哇瓲𠲎
wai1,14,㖞㗏䴜咼喎夭歪瀤竵𤟷𨵞𩰬𪉭
wai3,5,崴歪𢱉𨂿𨈕
wai4,13,䠿䶐外夞顡𠨃𠰻𤤫𤷹𦘍𩔀𩕕𪑷
wai5,1,𠰻
wan1,33,㘤䘎剜埦塆壪夗夘婠帵弯彎捥湾潫灣睕蜿豌貫鋺關𠝪𠠪𡇿𡤶𢺯𣡩𧯡𨂺𨈊𨉝𩅦
wan2,36,㝴㹉䯈丸刓园完岏忨抏捖汍烷玩琓笂紈纨翫芄蚖貦頑顽骫𠒢𢓃𢓆𤥙𤻆𥤸𧲦𧿙𨩯𩾞𪐬
wan3,78,㜶㽜㿸䅋䑱䖤䗕䘼䛷䝹䩊䳃倇免唍埦夗娩婉宛惋惌挽捥晚晥晩晼朊梚椀涴琬畹皖盌睕碗箢綩綰绾脘莞莬菀萖蜿踠輓鋔鋺關魭𡩄𡸥𢛙𢨔𢯫𣆛𤗍𥟶𥿎𦜐𦣾𧚇𧠆𨌔𨥧𨩵𨩻𩊁𩣵𪂦𪂧𪋅𪎛𪑉
wan4,52,㸘䛃䥑䨲䯛万卍卐妧忨捥掔杤槾澫睕瞣絻綄翫脕腕莧萬蔓薍蟃贃贎輐鄤鋄錽鎫𠣉𡆅𢀗𢯲𣥃𤧩𥆶𥝄𦂔𦙵𦲯𦽞𧹗𨌔𨞼𩈬𩢄𬇕
wang1,17,㑌㳹匡尢尣尩尪尫汪瀇𠕿𡝝𡯁𣢫𤷀𥆚𪁘
wang2,19,亡亾仼兦妄彺忘朚王罔芒莣蚟𡷢𥝍𦣦𦯌𧎕𩵭
wang3,50,㓁㲿㳹㴏䋄䋞䒽䰣往徃徍忹惘抂方暀枉棢汪瀇皇網网罒罔菵蛧蝄誷輞辋迬魍𡔞𢁶𢓯𢼟𣢫𣶈𣷪𥾼𦖉𦣩𦬣𧈿𧧜𨕿𨳠𩖩
wang4,19,䤑妄往忘旺暀望朢王琞盳迋𢛛𣥊𥆜𥲠𦓋𧧄𧫢
wei1,68,㕒㙎㙗㛱㟪㣦㮃㹻䋿䫋䴧倭偎危喴委威媙崴嶶巍微愄揋揻椳楲渨溦烓煨燰猗畏癐縅萎葨葳薇蜲蝛覣詴踒逶隇隈魏鰃鰄鳂𠳿𢼸𣫪𦈓𦓽𦩬𧍥𧚷𧛚𧟼𧤖𨖿𨻒𩹥𩼌𪑭
wei2,106,㣲䉠䑊䔺䙟䜅䝐䣀䥩䧦为于偽唯喡囗围圍圩堤媁寪峗峞嵬帏帷幃恑惟撝桅欈沩洈涠湋溈潍潙潿濰為爲犩琟癓硙磑維维蓶覹觿违違鄬醀鍏闈闱阢隹霺韋韦魏鮠𠄿𠙕𠥎𡇦𡚈𡼱𢼸𢾁𣄧𣄺𣲗𤛲𥅵𥌰𦩏𧝕𧞸𧢒𧢧𧲗𧳞𨠥𨱖𨴓𨸔𨿭𩀣𩀶𩁌𩋾𩎵𩏉𩏏𩠯𩲈𩴞𩽎𬶏
wei3,161,㖐㙔㛱㞇㞑㟪㠕㥨㧪㨊㬙㭏㱬䃬䇻䈧䍴䍷䔺䞔䠑䤥䦱䪘䬿䲊䵋亹伟伪偉偽僞儰厃唩唯壝委娓媁寪尾屗峗峞崣崴嵔嵬巋廆徫惟愇捤捼撱斖暐有梶椲沇洧浘濻瀢炜煒猥玮瑋瓗畏痏痿睢硊碨磈緯纬腲膸艉芛芟苇茟荱荽萎葦蒍蔿薳蜲蜼諉诿趡踓鍡隗韑韙韡韪頠颹骩骪骫鮪鰖鲔𠆟𡂗𡷕𢊯𢯷𢸦𣍟𣨙𤁿𤛲𤡪𤸆𤺉𤼒𥊪𥒮𥯜𥯤𦇅𦢿𦾛𧄸𧐌𧢒𧲄𨗨𨝀𨟗𨪈𨵋𩋾𩏏𩏐𩏿𩗘𩜧𩟟𩲂𩵠𩹷𩼂𫇭𬀩𬱟
wei4,137,㥜㦣㧡㷉䊊䑊䗽䘙䙿䜜䡺䪋䬑䬿䭳䮹䲁䵳为位卫叞味喂喡噲墛委媦尉慰懀未机渭濊為煟熨熭爲犚猚猥猬璏瓗畏眭瞶硙碨磑立緭罻胃苿荱菋萎蔚藯蘶蜹蜼蝟螱衛衞褽謂讆讏谓躗躛軎轊遗遺錗鏏霨餧餵饖魏鮇鳚𠹤𡔱𡶎𢉝𢍚𢙓𢣘𢲴𣈎𣨙𣩪𣽴𤀷𤜂𤻅𥉖𥧙𥶽𥿫𦝛𦞽𦠻𦩝𦪒𦳢𧍫𧒭𧔥𧕞𧲝𧳪𧴖𧸽𨃄𨚘𨢉𨾂𩆁𩑵𩗜𩤸𩨅𩲄𩹂𪂄𪑐𬭬
wei5,1,煀
wen1,31,㬈㮧㼔塭昷榅榲殟温溫瑥瘟緼蕰藴褞豱輼轀辒鎾鞰韞饂鰛鰮鳁𥁕𨜵𩥈𪉸
wen2,44,䎹䎽䘇䰚匁彣文汶炆玟珳瘒紋纹聞芠蚉蚊螡蟁閺閿闅闦闻阌雯馼駇魰鳼鴍鴖鼤𢾿𣜺𤵒𦖞𧖁𨶭𩢌𩭋𪉃𫘜
wen3,41,㒚㖧㗃㝧㨉㳷䐇䦟刎吻呅呡忞忟愠抆昧桽歾殁煴眼稳穏穩笏紊肳脗限𠯳𡁋𣶌𤡕𥦊𥧚𥬼𦝮𦟕𦮶𨆲
wen4,27,㡈免問妏娩揾搵汶渂璺紊紋絻纹聞脕莬问顐鼤𠐢𤛁𥃮𦦯𧚇𨟸𨸩
wen5,1,呚
weng1,21,㮬㺋䈵䩺䱵嗡滃翁螉鎓鶲鹟𠰈𡻐𥕀𧚐𧛹𨜺𩔚𩰎𬭩
weng3,23,㘢㜲㹙䐥勜嗡塕奣嵡攚暡滃瞈翁聬蓊𡩥𤌏𦞡𩄘𩔚𩡓𩮬
weng4,10,㙂壅瓮甕罋蕹齆𡍻𦧅𨞑
wo1,27,㹻倭咼唩喔堝挝捼撾涡涹渦濄猧窝窩莴萵薶蜗蝸踒𠷏𡁮𡑟𤉦𩭝
wo3,23,㦱㧴䂺䰀倭咼婐婑我捰𠪧𡖲𢦴𢫷𣇫𣚝𥑣𥟿𧶕𨁟𩭏𩭝𩮑
wo4,73,㠛㱧䀑䁊䇶䠎䩊䮸仴偓卧嗌噁嚄夭媉媪幄捾握擭斡杌枂楃沃涴渥濣焥瓁瘟瞃矆硪肟腛臒臥艧蒦踠雘馧齷龌龏𠿟𡎔𣁳𣂽𤆏𤡓𤻌𥄗𥪍𦤨𦯏𦰖𦳹𦷵𧤒𧥋𨌝𩈱𩐦𩟓𩣵𩷯𪁕𪁾𪎤𪑱
wong4,2,𥥈𥦷
wu1,61,㮧䖚䡧䵦乌兀剭呜喔嗚圬屋巫弙恶惡扜扝於杅杇歍汙汚污洿渥烏盓窏箼螐誈誣诬趶邬鄔釫鎢钨鰞鴮𠛆𠞆𡈎𢁢𢫸𤣬𥁡𥎮𥟽𦶀𦼇𧆹𧑕𧨆𧨈𩝷𪄝𪑱
wu2,79,㷻㹳㻍䉑䍢䓊䦜䫓䮏亡侉俉務吳吴吾呉唔墲娪峿幠廡憮捂无梧橆毋母洖浯無牾珸璑瞀祦禑芜茣莁蕪蜈蝥蟱譕郚鋘鋙铻鯃鵐鷡鹀鼯齬𠘻𡷤𢃀𢋹𢓲𣟒𤭑𥕻𥭠𥲐𦌬𦥁𦨳𦷽𧳎𨼊𨿏𩒾𩳌𩶭𩺰𩻚
wu3,83,㐅㑄㒇㚢㬳㵲䒉䟼䡧䳇乄五仵伍侮俉倵儛務午呒啎嘸埡堥塢妩娒娬嫵庑廡忤怃憮捂摀旿橆武母潕熓牾玝珷瑦甒瞴碔膴舞蕪躌迕逜陚鵡鹉𠥢𠯃𠵦𡈞𢑟𢘃𢜮𢨂𢩈𢫸𣲘𣺀𤆡𤸼𥕻𦌬𧴇𧺴𧽋𨖴𨡡𨶇𩠟𩵱
wu4,124,㐳㘬㡔㽾䀛䁷䃖䎸䑁䛩䜑䦍䨁䳱乌仡伆兀务務勿卼唔嗚噁坞塢奦娪婺寤屼岉嵍嵨忢忤恶悞悟悮惡戊扤揾敄旄旿晤杌柮梧沕渞溩烏焐熃物珷痦矹窹笏粅芴蘁蝥誤误迕逜鋈阢隖雺雾霚霧霿靰騖骛鶩鹜鼿齀𠒄𠼘𡬫𡯇𡵉𢄓𢗳𢙁𢝴𣨓𣬽𣯎𤕘𤵐𥎈𥏒𥒀𥾕𦆞𦎦𦨉𦬂𧈭𧎄𧎻𧐙𧰈𧿉𨂣𨑥𨧗𨨡𨲬𩄯𩓦𩗽𩝕
wu5,1,錻
xi1,330,㓾㕃㕧㗩㗭㘊㚀㛓㛫㛭㜎㜯㩉㩦㪧㬛㮩㯕㰻㰿㱆㱤㲸㴔㴧㶉㶼㺣㾷㿽䁯䂀䏩䐅䐖䒊䖒䖷䙵䚙䚿䛊䛥䟇䣛䧿䨛䨳䭒䯜䳶䵱䶋俙傒僖兮凞卤卥厀吚吸咥咦咭唏唽喜嘻噏夕奚娭媐嬆嬉屎屖嵠嶲巂巇希徆徯忚怸恓息悉悕惁惜憘憙戲扱扸撕昔晞晰晳暿曦析栖桸棲榽樨橀欷歙氥汐浠淅渓溪潝烯焁焈焟焬煕熄熈熙熹熺熻燍燨爔牺犀犠犧狶猎獻琋瘜皙睎瞦矽硒碏磎礂禧稀穸窸粞糦緆縘繥羛義羲翕翖肸肹脅腊膝舾茜莃菥蒠虒蜤蜥螅螇蟋蠵裼西覀觹觽觿訢詑誒譆谿豀豨豯貕赥蹊遟邜郗鄎酅醯釐釸錫錯鏭鑴锡隵雟餏餙饻鯑鱚鵗鸂鼷𠆱𠔃𠔍𠘕𠜗𠟊𠨚𠩺𠬬𠴭𠶨𠺒𡁱𡏛𡗞𡗳𡘡𡡒𡩤𡳚𡻎𢀊𢋼𢑧𢗴𢜣𢠹𢡁𢨟𢬾𢹍𣅾𣎮𣟵𣢁𣢂𣢇𣢍𣢎𣢑𣤳𣤴𣨗𤃪𤄬𤇴𤓔𤓚𤠓𤡡𤡯𤢀𤥒𤬕𤬘𤮆𤮙𤲺𤳥𤶈𤶰𤷡𤹊𤺊𥄖𥄛𥈻𥋟𥰝𦐠𦙝𦜱𦞽𦠪𦤈𦩭𦮐𦼗𧀬𧈼𧥤𧦭𧯗𧲘𧳐𧶖𧹨𧻶𧿝𨀙𨋦𨡂𨳛𨵎𨻁𨿛𩅖𩒽𩗊𩗱𩭡𩽨𩾼𪃼𪄛
xi2,69,㔒㠄㦻㩗㽯㿇䏮䒁䚫䫣习喺媳嵇嶍席徯擊椺槢檄漝濕習莔蒵蓆薂蜴蝷袭褶襲覡觋謑謵趘郋鎴隰雭霫飁騱騽驨鰓鰼鳛鼳𠅤𢙅𣒃𣳬𥱵𥺚𦪿𦸚𧋐𧐔𧿅𨛳𨻥𩲁𪄶𪓷𪕯𫘬
xi3,64,䈢䢄喜囍壐奊嬉屣徙憘憙暿杫枲橲歖洒洗漇灑玺璽瓕矖禧縰纚葈葸蓰蟢諰謑蹝躧釐鈢鉨鉩銑铣鱚𠉢𠪙𡅕𢊚𢒩𢒲𣯪𤟧𤤱𤨐𦂅𦱓𧣩𧺨𨜐𨞘𨮪𩎉𪖥𫍰𬭳𬶮
xi4,166,㑶㙾㚛㜎㞒㣟㤅㤸㦦㨙㭡㰥㱇㸍㾙㿇䀌䈪䊠䐼䓇䙎䚷䛥䜁䧍䨳䬣䮎䲪䵱係傒匸卌卻呬呰咥嚊嚱塈墍屃屭忥怬恄愾慀戏戯戱戲摡既椞欪欯氣滊潟澙熂犔盻矽磶禊稧系細綌繫细绤舃舄蒵蔇蕮虩衋覤謚赩趇郄郤釳鈒闟阋隙隟霼餼饩鬩黖𠜗𠤴𠦌𠦜𡃢𡘐𡙋𡜧𡝧𡦎𡶯𢟪𢤋𢧽𢨟𢭁𣚔𣢓𣣉𣤢𣳦𤄎𤌷𤡬𥇛𥈜𥋁𥎃𥪦𥮬𥰥𥻥𥿭𦃝𦞝𦷲𧂙𧈅𧈈𧈍𧉁𧎵𧚃𧤟𧦁𧧹𧪢𧬈𧬊𧯈𧯊𧱲𧹶𧹽𨐛𨝫𨰿𨳿𨷘𩊿𩍆𩎥𩛹𩦇𩿛𪅲
xia1,34,㔠㗿㦆㰨㰰㾎䠍傄呀呷岈毳煆疨瘕瞎虲虾蝦谺閕颬魻鰕𠽫𣢗𤗭𥁆𧇍𧦎𧪕𧯋𨳉𩮂
xia2,107,㗇㘡㛍㮫㰺㽠䒠䖎䖖䘥䛅䞩䦖䪗䫗䯟侠俠假匣叚嗑埉夾峡峽徦押捾搳敮斜暇柙欱歃浹炠烚狎狭狹珨瑕睱硖硤碬磍祫笚筪給縀縖翈舝舺葭蕸螛赮轄辖遐郃鍜鎋陜陿霞騢魻鶷黠𠖹𠢆𠩘𡈮𢈙𢈤𢑓𢘉𢚌𢝅𢻗𣹱𤙇𤪆𤪍𥯾𥰶𦦕𦵯𦾏𧆥𧔂𧕱𨲑𩉾𩎲𩏓𩐀𩝛𪗾𪘁𪘘
xia3,3,閕閜𠽫
xia4,49,㗿㙈㙤㰺丅下乤假厦吓呼哧唬嗄嚇圷夏夓廈懗昰暇梺煆疜睱罅芐諕謑鎼鏬𠀼𡏘𡨄𡺷𢗄𢩹𤗭𤟝𥻴𧈄𧪹𧫒𨩽𨻲𨽯𩄗𪄂
xian1,112,㔾㰹㲔㷿㸝㺤㾾㿌䂅䄳䆎䉳䊱䩂䯭䯹䵌仙仚佡僊僲先嘕奾妗姍姺嬐孅屳廯忺憸掀揱搟攕暹杴枮欦氙珗祆秈籼綅縿繊纎纖纤苮莶薟蘞褼襳跣跹蹮躚酰醶釤銑銛錟鍁铦锨锬韯韱馦鮮鱻鲜鶱𠏓𠏡𠫄𢒆𢕖𢖎𢫿𢹚𣑹𣔙𣞘𣮾𣰷𤈷𥑻𥟕𥬍𦒜𦢙𦧐𦸊𧗹𧫹𧱀𧸂𨁅𨇤𨚾𩈖𪄏𪄷𬸣
xian2,123,㘅㘋㛾㡉㢺㭹㮭㯗㰊㳄㳭㵪䕔䕭䝨䦥䲗䶢伭咁咞咸唌啣嗛堿妶娴娹婱嫌嫺嫻弦慊慳憪挦探撏涎湺溓澖玹甉痫癇癎盷瞯瞷矣碱礥稴絃羬肩胘臤舷藖蚿蛝衔衘誸諴賢贒贤輱醎銜閑閒闲鰔鷳鷴鷼鹇鹹麙𠊏𠓌𠛑𠤕𠷢𠿢𡫹𡰲𡿤𢅮𢎙𢐐𢖋𢛆𢮂𣊺𣢟𤉌𥲋𥻧𦎵𦑘𦠹𦥖𦱁𦽭𧂞𧈁𧼏𨺘𩝈𩤥𩤦𩦂𩱆𪂶𪔩𫍯
xian3,96,㛍㜷㦥㧥㫫㬎㭠㶍㿅䉳䍎䗾䘆䚚䜢䢾䥪䧋䧮䩙仙冼尟尠崄嶮幰彡憲搟攇显櫶毨洒洗濂灑灦烍燹狝猃獫獮玁省礆禒禰筅箲藓蘚蚬蜆譣赻跣軒銑鍌铣险険險韅顕顯鮮鱻鲜𠠁𡗏𡸃𡾮𢁗𢥌𢷑𣕎𣟲𣭡𤓤𤞤𤼂𥜦𥜬𥜲𦭶𧕇𧖙𧾨𨙡𩏩𩨡𩶤
xian4,153,㡾㦑㦓㪇㬗㰹㺌㽉䁂䃱䃸䉯䏹䐄䙹䢭䤼䦘䧋䧟䧮䨘䨷䭑䱤䵇䵤䶟伣俔僩僴县咞哯垷埳壏姭娊娨宪寰岘峴憪憲懢捍搚撊晛梘槏橌涀溓瀗献獻现現県睍硍筧粯糮絤綖綫線縣线缐羡羨脅腺膁臔臽苋莧蜆見见誢譀豏賢軐軒鋧錎鏾闞限陥陷霰顈顯餡饀馅鮮麲黹鼸𠚆𠜎𠯟𠿢𡐖𡒓𡞣𢋮𢕭𢖝𢚀𣆕𤁦𤑃𤟅𤡥𥓒𥙆𥦶𥰳𥻇𥽏𦋈𦩢𧠒𧻒𧾨𨍒𨏥𨐊𨖱𨘙𨘞𨵬𨸄𩆵𩤊𩦹𩧩𩱊𪎉𪾢𬀪
xian5,1,鑦
xiang1,49,㐮䬕乡儴勷厢啌啍廂忀楿欀湘瓖皀相稥箱緗纕缃膷舡芗葙薌蘘襄郷鄉鄊鄕鑲镶香驤骧鱜麘𢪷𤉪𤷼𥫖𩑇𩡄𩡌𩡠𪂼𬙋
xiang2,31,㟄䄈䇨䔗䜶佭庠栙洋瓨祥絴羏翔詳详跭迒降鴹𡹷𢭎𤝷𤭬𤰅𦍲𦍴𦎈𨀘𩾬
xiang3,39,㗽䊑䐟䖮亨享亯响嚮想攘晑曏薌蚃蠁鄉銄響飨餉饗饟饷鮝鯗鱶鲞𠸮𡨇𢞡𤍀𥊾𥿧𦕺𧬰𩝾𩞃𩞥
xiang4,59,㟟䢽䦳䴂傢像勨向嚮塂姠嶑巷曏樣橡潒珦相缿萫蟓衖襐象鄉銗鐌閧闂降項项鬨鱌𢄵𢛖𢠷𣂝𣅰𣨳𣻍𤖽𤩪𥀾𥗵𥣟𥥩𦺣𦺨𧖿𧬰𨉽𨖶𨙵𨛜𨧑𨷄𨷿
xiao1,164,㕺㚠㩋㪣㲖㹲㺒䌃䎄䨭䬒䬘䳂䳋䴛侾俏削叟号呺呼咻哓哨哮唬啋嗃嘐嘮嘵嚣嚻囂婋宯宵庨彇憢捎揱搜撓撨枭枵梟梢橚櫹歊歒毊消潇潚瀟灱灲烋焇熇燆猇獟獢痚痟睄硝硣穘窙箫箾簘簫綃縿绡翛肖脩膮莦萧萷蕭藃虈虓蛸蟂蟏蟰蠨謞謼譊踃逍銷销霄颵騷驍驕骁骹髇髐魈鴞鴵鵁鷍鸮𠈬𠑪𠹎𡟣𡣾𡦝𡯩𡷸𡼚𢓮𢪶𢭦𢸳𣕇𣠎𤑳𤞚𤠖𤡔𤣠𤺃𥆔𦏷𦐺𦟞𧄤𧮻𧱐𧳍𧵱𨊅𨴹𨶅𩋍𩙚𩙮𩧓𩫂𩫳𩱴𩾒𩾓𩾾𪁎
xiao2,29,㚣㬵㮁䒝䟁佼姣崤殽洨淆筊絞胶訤誵郩𠴳𡦝𡧕𢛘𣏠𣔷𤕢𤷤𥾤𦺔𧍂𨠦
xiao3,25,䒕䥵小晓暁曉皛皢筱筿篠簫謏轇𡱉𤽳𥔑𥕾𧡼𧢬𧩮𩵖𩵮𫍲
xiao4,72,㔅㗛㤊㵿㹲㺒䉰䊥䐹䕧俏俲傚効咲哨哮啸嗃嘋嘨嘯奡孝恔效敩斅斆校歗殽涍漻澩熽爻狡笑肖芍茭薂詨誟較霄鷕𠏕𠴡𡥍𡦳𢹳𢽾𣂬𣟇𣤡𣱓𣹝𣿣𤟞𤣌𤿨𥽁𦢩𦦛𦯪𦱜𧱐𨅋𪊷𪛀
xiao5,1,恷
xie1,27,㗨㨝㱔㾚些揳楔歇滊猲獦蝎蠍𡭥𣆟𣒄𣣩𤺎𥌨𥍋𥗧𦪬𧓂𧥤𧳧𨧥𩫲
xie2,144,㐖㖿㙝㙦㢵㥟㨙㩉㩦㩪㭨䀘䁯䋶䓳䔑䕵䙎䙽䝱䡡䦖䩤䬅偕儶劦勰协協叶嗋垥夾奊孈峫恊愶慀拹挟挾接揳搚携摺撷擕擷攜斜旪桔梋歙汁湝熁燲瑎眭絜綊緳纈缬翓耶胁脅脇脋膎苴蝢衺裌襭諧讗谐邪鍱鞋鞵頁頡颉鬹魼鮭鲑龤𠖹𠗉𡀺𡰢𡸔𢂐𢓬𢥘𢯉𢴲𢿡𣣲𣫴𣹩𣻠𤙒𤞡𤢺𤣑𤮯𤱷𥆥𥊯𥝖𥢹𦋅𦚫𦳃𧀺𧏂𧏃𧐃𧑦𧟃𧷑𨁂𨏳𨵚𨵪𨷥𨾗𩋘𩋧𩤠𩰳𩷂𩺫𪆋𪕯
xie3,12,㕐㝍䥱䥾写冩寫藛血𣞐𣬕𧭠
xie4,201,㒠㓔㔎㕐㖑㙰㞒㞕㡜㣯㣰㦪㰔㰡㳦㳿㴬㴮㴽㸉㽊䁋䉏䉣䊝䕈䙊䙝䚸䢡䦏䩧䪥䲒䵦亵伳偞偰僁写卨卸吤唏喈噧塮夑契娎媟寫屑屓屟屧嶰廨徢懈揳暬枻械榍榝榭槷檞欸殺泄泻洩渫溉潰澥瀉瀣灺炧炨烲焎燮爕獬碿祄禼糏紲絏絬緤繲绁缷薢薤蝑蟹蠏褉褻觟解諜謝譮谢豫跬躞躠迦邂隰鞢韰骱齂齘齛齥𠅱𠑄𠢲𠨆𠲊𠸴𠿇𡃂𡄕𡗼𡛶𡞘𡟩𡣹𡤋𡽖𢌀𢖆𢗊𢜨𢞜𢤯𢤰𢬿𢹒𣣶𣽒𤑪𤗈𤡧𤫉𥀺𥇱𥍆𥎎𦁛𦎈𦔼𦖐𦚡𦞚𦩌𦵱𧀢𧌊𧌋𧌖𧍁𧓺𧖁𧛼𧜔𧜵𧝫𧭸𧷧𨄌𨇨𨈙𨤴𨫔𨳚𨼬𩂪𩃖𩍝𩎃𩐁𩐉𩙜𩽍𪍛𪙥𬹼
xin1,56,㖕㛙㭢㽎䅽䛥䜣俽噷噺妡姰嬜廞心忻惞新昕杺欣款歆炘盺芯莘薪訢辛邤鈊鋅鑫锌馨馫𠑰𠷓𡌜𢗀𢠝𢭧𣂗𣂜𣃄𤙖𤙣𦁍𦰸𨊳𩾽𩿃𪀽𫷷
xin2,15,㚯㜦寻尋撢枔橝礥襑鐔镡鬵𤫨𩖣𩖰
xin3,2,伈𨓇
xin4,50,㐰㔤㛛㭄㭡㾙䒖䚱䛨䜗伩信囟孞庍愖憖焮脪興舋芯衅訫軐釁阠顖馸𠔋𡈏𢋆𢩲𣥇𤜢𤣲𤴾𤷓𤹩𦉝𦜓𦞤𦢯𦤟𧗹𧳄𧴢𩒦𩔙𩟍
xin5,1,忄
xing1,45,〇㙚㷣䃏䕟䗌兴垶嫈嬹惺星曐煋狌猩瑆皨箵篂胜腥興蛵觪觲謃騂骍鮏鯹𠬋𡃳𣨾𤏽𤙡𥠀𦂅𦈒𦖤𦩠𧌚𧛟𨌍𨞾
xing2,45,㐩㓝㣜㼛䣆䤯侀刑坓型娙巠形洐滎熒研硎荥行邢郉鈃鉶銒鋞钘铏陉陘餳饧𠀦𡶭𡷨𣸝𤬐𤶲𦈨𦈵𧊞𧊽𧗦𩩋𫰛
xing3,10,㝭㨘䳙擤省睲箵醒𢜫𥨕
xing4,30,㓑㚔㼬䁄䂔䓷䛭䰢倖兴姓婞嬹幸性悻杏涬睲緈臖興荇莕行鋞𢙼𣢝𦢯𩈡
xing5,2,哘裄
xiong1,27,㐫㚾兄兇凶匂匈哅忷恟汹洶胷胸芎訩詾讻賯𦙄𦵡𧘮𧵣𧿖𨥍𩌠𩴂
xiong2,7,䧺熊能赨雄𧞞𧰯
xiong3,2,昫焽
xiong4,24,䠗夐宪敻焸詗诇𠓙𡨳𡪰𡬁𢢹𢿌𣅷𤔫𤛪𥃴𥥧𥦥𦈤𦓈𦬺𧽒𩧊
xiu1,57,㱗㳜㵻㹋㾋䏫䐰䗛䡭休俢修咻庥樇櫹烋烌煦羞脙脩臹茠蓨貅銝鎀鏅飍饈馐髤髹鮴鱃鵂鸺𡔨𡜨𡟞𡯐𢊒𢕦𥌪𥞼𦟤𦪋𧌌𩘭𩛢𩡎𩢮𩭘𩮄𪀪𪘆
xiu2,1,苬
xiu3,12,㱙㽲宿朽滫潃糔綇𢩨𣧬𦈋𪕦
xiu4,33,㗜㾋嗅嚊宿岫峀溴珛琇璓秀綉繍繡绣臭莠螑袖褎褏銹鏅鏥鏽锈齅𢓵𤚯𥝠𧙏𪁮
xuan1,86,㓩㝁㦥㩊㻹䁔䆭䚙䚭䚯䡓䡣䳦亘儇吅咺喧塇媗嬛宣弲愃愋懁揎擐昍昕晅暄暖梋烜煊煖狟瑄睻矎禤箮縇翧翾萱萲蓒蕿藼蘐蜎蝖蠉諠諼譞谖軒轩鋗鍹駽鰚𡈣𡬳𢏧𢙂𢰊𤟿𦐽𦑙𧑩𧤎𧭦𧾎𨀮𨏂𩋱𩕖𩕪𩙽𩤡𫍽𫓶
xuan2,53,㔯㘣㳬㹡㻽䁢䗠䮄䲂䲻䴉䴋儇妶嫙嬛悬懸旋暶檈泫滋漩玄玆玹琁璇璿瓊痃盤縣蜁還鏇𠗻𠣖𠤰𠥞𡈴𡾥𢆯𢳄𣟳𧉎𧐗𧔤𧜽𧟨𩙢𫠊
xuan3,26,㔵㧋㾌䠣咺喛喧撰晅暅烜癣癬选選顈饌𢈋𣉖𣎓𥥾𥶷𦌔𧡚𧡢𩘒
xuan4,78,㦏㧦㯀㳙䀏䃠䍗䍻䘩䛹䝮䧎䩙䩰券夐姰怰揈旋昡楥楦泫洵涓渲澴炫煇玄玹琄眩眴矎碹絃絢絹縼繏绚蔙衒袨讂贙選鉉鏇鐶铉镟鞙颴駨𠵷𢂄𢳄𢿌𤂿𥌭𦈝𦛔𧸾𧾆𧾩𨁁𨊼𨹆𩃚𩉥𩋢𩋫𩑹𩟁𪍧
xue1,20,㔃㔢㗾㻡削哮疶矆蒆薛辥辪靴鞾韡𢪎𥄒𨨺𩋾𪃅
xue2,35,㖸㰒㶅㿱䋉䱑乴噱壆学學岤峃嶨敩斅斈泶澩燢穴茓袕觷踅雤鷽鸴𢯳𢼺𥀣𦥯𧉢𧋍𧸗
xue3,11,㡜㨹䨮樰膤艝轌雪鱈鳕𨂂
xue4,56,㕰㞽㦜㷤䀗䆝䆷䎀䒸䛎䤕䦑䫼䬂䭥吷嚯坹怴桖決泧泬滈瀥炔狘疦瞲血謔谑趐蹻𣎛𣧌𣧡𣧵𣪨𣺭𤀰𤇳𥄎𥄴𥅧𦐍𦰾𧔗𧮞𨑣𨒲𨭁𩌊𩖱𩖶𩶫
xun1,42,䗼䠝䵫勋勛勲勳嚑坃埙塤壎壦姰曛焄煇熏燻爋獯矄窨篔纁臐荤葷蔒薫薰蘍醺駨𡑎𡺕𤑕𤟤𦘶𧰣𩪱𫄸
xun2,90,㖊㜄㡄㨚㰬㵌㽦䀏䋸䖲䘩䙉䡅侚偱咰噚寻尋峋巡廵循恂悛揗撏攳旬杊栒桪樳毥洵浔潭潯灥燂燅燖爓珣璕畃眴紃絢荀荨蕁蟫蟳詢询遁郇鄩馴驯鱏鱘鲟𣌨𣖼𤃺𤛧𤿟𥒘𥙣𥳍𥾡𦅀𦅑𦠅𦳣𧂇𧾝𧾠𧾩𨀴𨼔𩖰𪀠𪀽𬊈𬍤𬘓𬩽
xun4,60,㢲䛜䞊䭀伨侚卂噀壎奞孫巺巽徇愻梭殉殾毥汛洒浚潠濬熏狥狻稄筍蕈訊訓訙训讯賐迅迿逊逡遜鑂鑫顨鶽𠊫𠹀𡿼𢏤𣹯𦫯𧥿𧸩𨺮𩊻𩠇𩷰𩾄𩾧𪇑
xu1,114,㡏㥠㰭㽳䇓䈝䏏䱬于偦吁呼嘔嘘噓圩墟姁媭嬃幁戌揟旴晇朐楈欨欻歔歘湑疞盱眗砉稰窢緰縃繻胥芋蓲蕦藇虗虚虛蝑裇訏諝謣譃谞鑐雩需須頊须顼驉鬚魆魖𠧰𠾫𢄼𢖳𢨁𢨰𢩕𣅤𣚏𣰃𤚉𤟠𤡣𤴙𥈈𥕰𥮪𥳗𦄼𦅏𦈡𦓔𦔰𦘼𦪡𦰰𦰲𦲰𧆜𧙆𧟬𧪮𨂠𨅑𨞣𨬗𨼋𩂉𩑕𩒇𩒧𩓣𩖕𩾊𪆛𪙫𬣙
xu2,11,䍱余俆徐蒣謳邪鉏𣆒𥅺𨌎
xu3,42,㑔㑯㞰䅡䋶䔓䧁偦冔呴咻姁暊栩浒湑滸珝盨稰糈胥蛡訏許詡諿许诩鄦醑𠯜𡹲𤸀𥚩𦠷𧕼𨋾𨍐𩝔𩠋𩰠
xu4,166,㐨㕛㖅㖪㗵㘧㚜㜅㜿㞊㦌㰲㳚㵰㷦㺷䂆䎉䘏䙒䛙䢕䣱䣴䦗䦽䬄䬎䱛䳳伃休伵侐勖勗卹叙咻喣嘼垿壻妶姐婿嶼序怴怵恓恤惐慉掝敍敘旭旮昫朂朐槒欰殈汿沀洫淢湑溆滀漵潊烅烼煦獝珬畜盢瞁瞲矞稸絮続緒緖續绪续聓聟肷芧蓄藇藚蚼規訹賉酗鉥銊馘魣鱮𠆐𠜄𠷙𠹘𡦁𡱣𣊞𣢊𣧵𣨤𣸃𤆞𤇳𤡶𤬱𤭽𤲸𤷇𥄵𥆛𥇏𥇿𥊊𥍟𥎕𥎗𦑍𦕓𦜃𦝳𦯅𧁃𧆡𧊥𧏺𧧓𧶍𧹭𧹴𧼑𨜿𨣦𨴎𨵮𨷔𨹘𨻍𩌮𩌲𩍳𩔴𩔼𩣊𩪉𩽆𪖩𫚈
xu5,1,蓿
ya1,49,㝞㰳㳌㾎䃁䆘丫亞俹压厭吖呀哑啞圧垭埡壓婭孲庘押枒桠椏烏錏鐚铔閘雅鴉鴨鵪鵶鸦鸭𠋗𠜲𣏎𤵭𥇠𨁶𨨙𨸺𩭯𩸋𩿔
ya2,48,㧎㴫㹞㾏䄰伢厑厓吾堐岈崕崖庌拁枒涯漄牙猚玡琊瑘疨睚笌芽蚜衙邪釾雅顔齖𤘅𤘆𤷅𥌚𧓪𧡋𧬬𨖭𩃐𩖁𪗹𪘬𪘲
ya3,19,㿿䪵厊哑唖啞婭庌掗疋痖瘂蕥雅鴉𤴓𤹎𧧝𨁶
ya4,93,㝞㤉㧎㰳䀴䀹䅉䝟䢝䦪䫔䰲䵝亚亜亞俹劜压呾圔圠埡堊壓姶娅婭御挜掗揠札枒椻歇氩氬浥潝牙犽猰玡砑碣磍稏穵窫聐襾訝讶軋輅輵轧迓錏齖齾𠄮𠮜𠵣𡇼𡴭𡶦𡷻𡸗𡹄𡿖𢛄𢛟𢮊𣉩𤸱𥏝𥐕𥒧𦉟𦉧𦜖𧈝𨓴𨹝𩑔𩨠𩮝𪆰𪖐𪘬𪘲
ya5,3,㗇乛呀
yan1,81,㖶㛪㤿㥼㮒㸶䅖䅧䊙䑍䗎䗡䛳䞛䣍偣傿剦厭咽奄嫣嬮崦嶖弇恹懕懨樮橪殗殷洇淊淹湮漹烟焉焑煙燕珚硽篶胭腌臙菸蔫郾鄢醃閹閼阉阏黫黰𠛭𠝢𢤍𣩙𤎄𤟟𤡖𥷀𦎣𦏥𦛞𦝪𧹬𧺅𨣻𨻳𨽑𩈯𩣲𪐘𪑸
yan2,149,㗴㘖㘙㝚㫟㳂㵪㶄㺂㿕㿼䀋䀽䂴䇾䉷䓂䕾䖗䗡䢥䦲䪜䫡䲓䶫严厂厃厳唌啱嚴埏塩壛壧妍姸娫娮孍岩嵒嵓巌巖巗巡延挻揅昖楌檐櫩欕氤汧沿炎炏狠狿琂癌盐研硏碞礹筵簷綖羡羬膁芫莚蔅薟虤蜒衍言訁訮詽讠贗趼郔鉛鋋铅閆閻闫阎阽險顏顔颜鹽麙麣黬𠘥𠰖𡣽𡻡𢉘𢌨𢸴𣡞𣡶𣥡𣭻𣼞𤅸𤖝𤡖𤡥𤢋𤯐𤲩𥕼𥤟𥴿𥶿𦌚𦛣𦫤𧇱𧉮𧍢𧎘𧬌𧴣𧻃𨡄𨤎𨷽𨸮𩩄𩩴𪂈𫄧
yan3,178,㕣㚧㜝㢂㫃㭺䁙䄋䅖䌪䍾䎦䗺䣍䤷䲓䶮乵俨偃儼兖兗剡匽厣厭厴喭噞嚴埯夵奄媕嬐孍屵嵃嶮巘巚广庵弇愝戭扊抁捝掞掩揜晻曮棪椼檿櫩沇沿淊淹渰渷演琰瓛甗眼硽礹縯罨菴萒蝘衍裺褗覃躽遃郾酀酓錟閻阭隁隒靨顩魇魘鰋鶠黡黤黬黭黶鼴鼹齗齞齴龑𠆲𠉬𠍛𠻤𡙶𡹶𡹼𢅠𢇘𢈂𢜰𢯼𢸴𢾑𣃧𣃳𣄉𣄑𣚕𣝎𣼠𤂠𤗎𤟇𤫣𤯇𤸹𥀬𥃩𥃿𥍓𥍻𥜒𥣘𥤴𥦍𥧑𥯃𦁙𦏹𦖈𦧡𧊔𧞣𧠦𧥜𧽉𧽞𧾤𨀅𨁹𨂪𨃰𨆁𨒄𨟹𨠭𨣻𨺥𩇠𩗷𩻖𪒝𪒠𪗙𪗤𪩘𬙂𬸘
yan4,177,㛪㢛㦔㬫㭺㰽㳂㵪㷔㷳㷼䂩䄋䑍䛳䜩䞁䢭䨄䮗䳛䳡䳺䴏䶫但俺偐傿匽厌厭咽唁喭嚥囐堰墕妟姲嬊嬮嬿宴嵃彥彦懕掞掩揞敥晏暥曕曣棪椻殗沿洝涎淡淫溎滟演灎灔灧灩炎烻焔焰焱熖燄燕爓牪猒研砚硏硯艳艶艷葕蔫蜒裺覎觃觾言諺讌讞谚谳豓豔豣贋贗赝趼躽軅這酀酓酽醶醼釅閻隁雁顑餍饜騐験騴驗驠验鬳鳫鳱鴈鴳鷃鷰鹽麲𡚇𢇈𢔂𢜰𣃾𣄝𣡕𤅊𤅸𤒦𤜵𤬝𦁏𦑎𦖧𧩅𨁍𨡎𨡣𨪶𨴣𨶁𨻂𨻳𩃀𩒖𩜽𩩶𩪴𩳢𩸞𩾝𩾸𪁡𪑈𪙊
yang1,31,㒕䱀佒咉央姎怏抰歍殃泱眏秧胦英鉠雵霙鞅鴦鸯𠮴𣐫𤢐𤸡𥃽𦴊𧲱𩲴𪓛𪚻
yang2,81,㟅㦹㬕䁑䖹䬗佯劷垟婸將崵崸徉愓扬揚敭旸昜暘杨样楊氜洋湯炀烊煬玚珜瑒疡痒瘍眻禓羊羏蛘詳諹輰鍚鐊钖阦阳陽霷颺飏鰑鴹鸉𡩶𡹕𢏙𢽕𣉚𤞢𤢮𥂸𥒞𥬴𥳜𦍕𦍹𦭵𦼴𨋽𨒫𨦡𨹈𨽐𩋬𩤟𩴨𪕫
yang3,45,㔦䍩䑆䒋仰佒傟养勜卬咉坱岟慃懩攁映柍楧氧氱洋潒瀁炴痒癢眏礢紻蛘蝆軮鞅養駚𠢴𣃝𦏱𦯒𧓲𧵌𨱝𩊑𩧫
yang4,35,㨾㺊㿮䬺䭐䵮怏恙昂柍样様樣漾瀁烊煬羕詇鞅養𠍵𡠘𡡂𢟣𢵇𣗹𥠜𥥵𦍲𧥴𧫛𨋕𨎔𨖌
yang5,1,羪
yao1,47,㙘䌁䙅䛂䳩么吆咬喓夭妖宎幺徼撽枖楆殀玅由祅約约腰葽要訞邀鴁𠕻𠣑𡆩𡛙𡝩𡢹𡣠𢆷𢆽𣨘𤺃𥹱𦔷𧍔𧷋𨓳𩑗𩜸
yao2,112,㑸㑾㨱䂚䆙䋂䌊䌛䔄䖴䚺䚻䠛䢣䬙佻侥倄傜僥匋嗂垚堯姚媱尧尭峣崤嶢嶤徭恌愮揄揺搖摇摿暚榣殽洮淫滧烑爻猶猺珧瑤瑶磘窑窯窰繇肴蕘蘨謠謡谣踰軺轺遙遥邎銚鎐铫陶隃顤颻飖餆餚鰩鳐鷂𠌠𠏈𠑐𡔜𡝛𡩸𡺯𢈆𢊙𢋇𢑈𣣳𤚭𤫺𤬔𤬖𦆸𦾺𦾾𧄎𧤮𧽎𨍳𨘔𨹋𩋃𩥣𩲻𩿕
yao3,64,㝔㟱㢓㫍㫏㫐㴭㹓䁏䁘䆗䆞䯚䴠䶧仸偠咬嚙婹嬈宎岆崾抭杳枖柼榚溔狕眑穾窅窈窔舀苭葽蓔要闄騕鴢鷕齩𠢩𡛙𡨇𢂊𣣳𥃧𥤣𥤹𥦖𦥝𦦌𧠽𨱧𩢒𩨴𩩼𩬗𪐯
yao4,77,㔽㞁㵸㿑㿢䑬䔄䙅姚幼怮愮曜樂瀹烄熎燿獟疟瘧矅穾窈窔窯筄箹約纅耀艞药葯薬藥袎要覞詏讑趯銚鑰钥靿颻驁鷂鹞鼼𠍩𠟋𠹑𡶂𢅹𢝍𢺇𤂼𤄶𤒝𤾫𥁒𥃺𥌺𥤹𥪯𥬓𦇬𦡱𦤋𧇠𧢢𩑴𩯛𩳔𪖐
ye1,20,䓉䭇倻吔噎掖暍枒椰洇潱窫耶蠮饐𧏽𧒐𨶮𨸌𩜺
ye2,31,㖿㡋㱌䓉䔑䥺峫捓揶擨斜涂爷爺耶荼邪釾鋣鎁铘餘𣚋𣩯𤑷𥯘𦕆𦰳𨈺𩸾
ye3,18,㙒也冶吔嘢埜墅壄漜虵蠱野釶𠥇𡑀𢀘𤝉𧐓
ye4,157,㖡㖶㗼㜇㥷㧉㩎㪑㱉㸣䁆䅖䇩䈎䊦䋵䎨䡾䢡䤳䤶䥟䥡䧨䭎䭟䮜䱒䲜业亱偞僷叶咽啘喝嚈堨墷夜射嶪嶫懕抴拽捙掖揞揲擖擛擪擫晔曄曅曗曳曵枼枽楪業歋殕殗洂液澲烨焆煠熀燁爗璍瓛痷皣瞱瞸礏緤聶腋葉謁谒邺鄓鄴鍱鎑鐷靥靨頁页餣饁馌驜鵺鸈黦𠀸𠄅𠟪𠱝𡀽𡁁𡛌𡛽𡽣𢉥𢢜𢪧𢱴𣃳𣎩𣐂𣚕𣩫𣰛𤝇𤝱𤳪𥀬𥌅𥠍𥮧𦀕𦂡𦠜𦤪𧌄𧎭𧔦𧗖𨂒𨉅𨼥𨽀𩉂𩐱𩑃𩘏𩱝𩼋𩼴𪋫𪍅𪑦𪒲
ye5,1,亪
yi1,87,㙠㛄㥋㳖㾨䃜䉗䒾䔱䚷䧇䪰䫑一乊伊依倚億医吚咿噫壱壹夁嫛嬄崎弌悘意懿戲揖椅檹欹毉洢渏漪犄猗瑿畩祎禕稦繄蛜衣衤褘詑譩辷郼醫銥铱鷖鹥黝黟黳𠰄𠲔𠲖𠿣𡄵𡜬𢊘𢣉𢨮𣐿𣘦𣢷𧉅𧜤𧫦𧮒𩕲𩥯𩮵𪁚𪈨
yi2,222,㐌㚦㚶㝖㞔㥴㦾㮛㰘㹫㺿㼢䄬䇵䈕䔟䞅䣡䧅䩟䬁䬮䮊䱌䲑䴊一乁也仪佗侇儀儗冝匜台听咦圯坨夷姨姬媐它宐宜宧寲峓嶬嶷巸异弬彛彜彝彞彵怠怡恞戺扅拸搋暆杝柂栘桋椬椸沂沶焉熙熪狋狏珆瓵疑痍眙礙移箷簃籎維羠羡義耛胰荑萓蛇蛦螔衪袘觺訑詑詒誃謻譺讉诒貤貽贻跠迆迤迱迻遗遺酏釶鉇鉈銕鏔阤頉頤頥顊颐飴饴鮧鴺鸃𠄱𠅌𠈶𠍫𠏩𠐀𠗺𠛃𠜁𠤕𠤗𠤘𠩗𠪗𠲻𠼪𡬐𡬓𡰥𡱐𡷪𡻣𢂒𢓡𢕷𢖅𢞉𢩼𢱁𣐓𣐵𣕁𣙛𣢭𣸘𤆾𤇴𤈙𤖪𤘊𤝻𥃸𥄻𥄿𥌟𥙁𥙇𥫃𥹋𦚟𦟧𦡫𧉮𧓗𧡇𧣟𧣬𧦧𧳁𧷅𨛯𨜽𨠑𨠶𨣬𨳷𩓧𩔦𩖹𩖾𩗑𩚇𩛮𩤒𩸨𩼨𪀓𪐔𪘬𪘲𫍟
yi3,105,㕈㠖㠯㢊㫊㰝㰻䉝䚷䝝䡾䧇䧧䭲䰙乙以佁依倚偯叕叹奇嬟尾崺嶬已巳庡扆扡掎攺敼旑旖椅檥歖汽猗矣硪礒笖綺臆舣艤苡苢蚁蛾螘蟻裿譺踦輢轙迆迤逘酏醫醷釔鈘鉯錡钀钇陁陭雉靉顗鳦齮𠤘𠮙𠯋𡼎𢙇𢦕𢷔𤝳𥏜𥑴𥫜𥰧𦮸𧔮𧩹𩛆𩠂𩡣𩾠𪐣𪘃𪙴𫖮𬺈
yi4,509,㐹㑊㑜㑥㓷㔴㖂㘁㘈㘊㙠㙪㙯㚤㛕㛳㜋㜒㝣㡫㡼㢞㣇㣻㦉㦤㱅㱞㱲㲼㳑㴁㴒㴔㵝㵧㵩㶠㹭㽈䁺䄁䄩䄿䆿䇩䇼䉨䋚䋵䌻䎈䏌䑄䓃䓈䓹䔬䕍䖁䖊䖌䗑䗟䗷䘝䘸䝘䝯䢃䣧䦴䬥䭂䭇䭞䭿䯆䰯䱛䳀䴬䴰䵝一丿乂义乙亄亦亿仡伇伿佚佾俋億儗兿刈劓劮勚勩匇医印厭呓呭呹唈喦嗌噎噫囈圛圪坄垼埶埸墿夕失奕妷嫕嬑嬟孴寱射屹峄嶧帟帠幆廙异弈弋役忆忔怈怿悒悘悥意憶懌懿抑挹掜搤撎擇敡斁施易昳晹曀曎杙枍枻栧栺棭榏槷槸樴檍欥欭歝殔殪殹毅泄泆洩洫浂浥浳渫湙溢潩澤澺瀷炈焬焱焲熠熤熼燚燡燱獈玴異疙疫痬瘗瘞瘱癔益睪瞖硛秇移穓竩紲絏縊繄繶繹绎缢羛義羿翊翌翳翼耴肄肊膉臆艗艺艾芅苅萟蓺薏藙藝蘙虉蛡蜴螠衣衵袂袘袣裔裛褹襗襼訲訳詍詣誒誼謚譯議譺讛议译诣谊豙豛豷貖貤賹贀跇踦軼輗轶辥迭逸邑醳醷釋釴鈠鎰鐿镒镱阣陭隶隿霅霬靾食饐駅驛驿骮鮨鯣鶂鶃鶍鷁鷊鷖鷧鷾鹝鹢黓齸𠂆𠍳𠓋𠚮𠡔𠡝𠥦𠨾𠩫𠲚𠲺𠶷𠽜𡄻𡉛𡊁𡊶𡍡𡙘𡥁𡾾𢀁𢂗𢂼𢄅𢇙𢇚𢇸𢈶𢍰𢎀𢎃𢎉𢏗𢓀𢖫𢖴𢖺𢗎𢘽𢡃𢨳𢩮𣎅𣚘𣡊𣤪𣦌𣧄𣨟𣫙𣶫𣷩𣿉𤑹𤣨𤣮𤤺𤥿𤧕𤬩𤴧𤶛𤷅𤸸𤻂𤼌𥃠𥅓𥍟𥍴𥒵𥘒𥘠𥜃𥜥𥟘𥡪𥢧𥥌𥥴𥩖𥫝𥱃𥸊𥾐𥿫𥿹𦌩𦎝𦏸𦓻𦔜𦔥𦔫𦘳𦙨𦠉𦥱𦨇𦭥𦶂𧃟𧅖𧆦𧈻𧊣𧊤𧋏𧐔𧑌𧙡𧢂𧬇𧱊𧱏𧷥𧺎𧺝𧺢𧺿𧾰𨋯𨜶𨣠𨦯𨱁𨹝𨻊𨻏𨽹𨾓𩂒𩂹𩈭𩋌𩍖𩎭𩎷𩘧𩚂𩞾𩟉𩣞𩧭𩪟𩪣𩳇𩴜𩴮𩷍𩷘𩾘𩾢𪀕𪁛𪎈𪐘𪒕𪕶𪗷𫄷𫍙𬟁𬬩
yin1,80,㖶㧢㮒㶏䃌䄄䓰䜾䤃侌凐喑噾囙因垔堙壹姻婣愔慇栶欭歅殷氤洇湮溵烟瘖磤禋秵窨筃絪緸茵荫蒑蔭裀諲銦铟闇闉阥阴陰陻隂霒霠鞇音韾駰骃𠖟𠮜𡇂𡈲𡋪𡓓𡖣𢉩𣱜𣸊𤝎𦈑𧊭𨢎𩃬𫡑𬘡𬤇𬮱
yin2,102,㐺㕂㖗㙬㝙㞤㶣㸒㹜㹞䒞䓄䕾䖐䖜䪩䰼䴦乑伒众冘吟唫噖嚚圁圻垠垦夤婬寅峾崟崯憖斦檭欽殥沂泿淫湛滛潯烎犾狺玪珢璌碒芩苂荶蔩螾蟫言訔訚訡訢誾鄞釿鈝銀银霪鷣齗齦龂龈𠪚𡐔𡓓𡓿𡸛𢂨𢓕𢝯𣓆𣘴𣽮𤷏𥤷𥮍𦟘𧦸𧩬𨓮𨛊𨟏𨦆𩂢𪘎𪙾𪛊
yin3,77,㐆㥯㦩㧈㱃㹞䇙䌥䏖䒡䤺䨸乚吟听吲喑尹嶾廴引朄檃櫽殷淾湛潭濥濦瘾癮硍磤縯蘟蚓螾讔赺趛輑酓釿鈏闇隐隠隱靷飮飲饮齗𠃊𠽨𡼽𢋻𢓙𢛦𣔸𤂹𤎭𤻘𥖵𥬜𦈠𦾻𧍢𨈧𨏈𨐐𨒦𨡢𩖄𩚕𪙤
yin4,66,㒚㡥㣧㥼㪦㴈䅧䕃䚿䡛䤃䲟傿印喑垽堷币廕廴慭憖憗懚梀檼洕湚猌瘖癊窨胤茚荫蒑蔭酳陰隱飲饮鮣𡩘𢌲𢪪𢳃𢷍𣦫𣱐𤢦𤯸𤵯𦜲𦝴𧥸𧦹𨋙𨟴𨢂𩂥𩐞𩬵𪔰𪔽
yin5,1,粌
ying1,113,㡕䁐䇦䓨䣐䦫䧹䪯䴍偀吋呎哩唡啢啨嘤嚶央婴媖嫈嬰孆孾应応愥應撄攖旲朠柍桜樱櫻渶滎焸煐珱瑛璎瓔甇甖碤礯緓纓绬缨罂罃罌膺英莖莺蘡蝧蠳褮謍譍譻賏軈鍈鎣鑍锳霙韹韺鴬鶑鶧鶯鷪鷹鸎鸚鹦鹰𠠜𠮳𠸄𠺖𡎘𢄋𤜉𤣎𤭫𥌽𥌾𥍼𥐑𦔃𦦿𧓀𧕄𧢛𧮆𧯀𨍞𨟙𨵛𩂝𩄪𩘑𩹅
ying2,92,㕲㨕㵬㶈㹚㿘䁝䃷䊔䋼䑉䕦䤰俓僌営塋夃嫈嬴嵤巆攍桯楹櫿泂浧溁溋滎滢潆濙濚濴瀅瀛瀠瀯瀴灐灜熒營瑩盁盈禜籝籯縈耺茔荥荧莹萤营萦萾蓥藀蛍蝇蝿螢蠅覮謍贏赢迎逞鎣𡃅𡢘𡺡𢥏𣲜𤇾𤟣𤹜𦖽𦝚𧅋𧕍𧭓𨜏𩸥𩻷
ying3,49,㢍㯋㲟㹵䀴䁝䑍䚆䨍䬬䭊䭗䭘哽巊廮影摬景梬泂浧潁瀴瑩瘿癭矨穎郢鐛頴颍颕颖𠝟𡂚𣟤𣤵𤁽𤌌𥏎𦡺𦢆𨠸𩖍𩘑𩳍𪊵
ying4,38,㑞䁐䙬䤝䩕䵴哽噟媵嬰应應映暎浧瀅瀴甸眏硬繩膡褮譍迎鞕鱦𠊶𡀘𡁊𡄖𢣙𣋋𤹥𥚿𦩩𨪄𩋹
yo1,4,哟唷喲育
yo5,3,哟喲嚛
yong1,62,㐯㜉㟾㴩㻾㽫䗸䧡佣傭嗈噰墉壅嫞庸廱慵拥擁槦滽澭灉牅痈癕癰臃蕹邕郺鄘銿鏞镛雍雝饔鱅鳙鷛𠆌𢀍𢢓𢧳𣋿𤛑𥑿𥧱𦃽𦤘𧝸𧴄𧴗𩍓𩟀𩟷𩫏𪄉𪇛𪪝
yong2,18,㝘䗤喁嵱庸揘遇顒颙鰫鱅𠷸𧲤𧺸𨦡𩔔𩤛𪅟
yong3,59,㙲㛚㦶㦷㴄㷏䞻俑傛勇勈咏噰埇塎容嵱彮怺恿悀惥愑愹慂柡栐永泳涌湧澭甬硧禜筩臾蛹詠踊踴邕飬鯒鲬𠳀𠹍𣏀𦨤𦨬𧖇𧗴𧻹𨓨𨤂𨴭𩆄𩜳𩟀
yong4,15,㞲㶲佣傭用砽苚醟𡵜𡶤𥁎𥥝𧙇𨶽𩬮
you1,50,㗀㱊㳊㴗䥳优優呦嚘奥妋幽忧怮悠憂懮攸櫌泅泑滺瀀獶纋耰逌鄾麀𠘳𠨦𠮫𡺒𡺖𢆶𢋣𢿚𣁨𣢄𣢜𤄘𤣙𥣯𥽟𦎓𧀥𧍘𩘈𩤹𩽇
you2,116,㒡㕱㘥㚭㛜㫍㳛㳺㽕㾞䍃䑻䖻䚃䚻䢊䢟优偤冘尢尤峳庮怞怣揂揄斿朓柚楢櫾汓汼沋油浟游犹猶猷由甴疣秞繇聱肬莜莤莸蕕蚘蚰蝣蝤訧輏輶逌逰遊邮郵鈾铀駀魷鮋鯈鱿鲉𠧠𠧴𡇀𡈙𡈰𡈵𡋧𡯙𢓿𢖟𢟅𣏞𣓐𣧗𤘜𤤧𤸈𥯞𥴕𦑸𦚥𦥣𦳧𦳷𦵵𦷿𦸙𧡹𧰰𧳫𨑫𨗰𨘁𨘵𨙂𨛕𨸙𩗚𩘓𩥘𩹊𩿬𬨎
you3,68,㮋㰶㶭䅎䒴䬀䱂䳑丣卣友坳庮懮戭有栯梄楢槱湵牖牗禉羐羑羗聈脜脩苃莠蚴蜏酉銪铕黝𠖋𠢢𠧪𡊧𢪥𣅺𣢄𣢜𣣜𣣸𣤎𣤡𣧥𣸠𣿤𤍕𤪎𤱎𤴨𥜚𥝘𦏇𦩲𧆕𧙏𧠶𨡴𩈏𩼈
you4,66,㓜㕗㤑㹨㺠䀁䆜䛻䞥亴佑侑又右叹哊唀囿姷孧宥峟幼忧扰有柚梎櫾油牰犹狖疣痏祐糿蚴褎誘诱貁迶酭釉銹鼬𠧴𡜳𡯉𢈓𣅄𣓛𤤬𤴨𥙾𦳩𧅲𧆘𧳫𨴜𩑣𩜷𩲎𩴑𩴙
you5,1,蒏
yuan1,69,㠾㾓䏍䡝䥉䨊䲻冤剈咽囦夗嫚嬽宛寃弲悁惌棩涴淵渁渆渊渕灁焆眢穿箢苑葾蒬蜎蜵蝝裷鋺駌鳶鴛鵷鸢鸳鹓鼘鼝𠛭𡈒𡢊𡣬𡷡𢍈𢏮𢱽𣹠𥿎𨀮𨓯𨖳𩛟𩝸𩾢𪀈𪀝𪂦𪔗𪔙
yuan2,106,〇㘣㟶㥳㹉䖠䦾䬧䱲䲮䳒䳣傆允元円原厡厵员員喛园圆圎園圓圜垣塬妧媛媴嫄捐援杬楥榞榬橼櫞沅湲源溒爰猨猿獂笎緣縁缘羱芫茒蒝薗蚖蝝蝯螈袁褑謜貟贠轅辕邍邧酛鈨鎱阮隕騵魭鶢鶰黿鼋𠝳𠩠𢆀𢗯𢷻𤬌𥰟𦍼𦿂𧉗𧔞𧳭𧻚𨕗𨸘𨻣𩉯𩍻𩰵𪄁𪔅𪕀𫘪
yuan3,18,㱧䛄䛇䩩畹盶薳輐远逺遠鋺願𠒜𡯱𩌑𩐘𩔃
yuan4,40,㤪㥐㭇䅈䈠䏍䬇䬼傆噮垸夗妴媛怨愿掾杬涓瑗禐緣肙苑衏裫褑褤遠院願𡈓𢂱𢐄𢕋𥭞𧙮𩕾𩘍𩟁
yue1,19,妁彟彠扚曰曱矱箹約约𠏃𡡕𢁞𢾔𦚢𧨄𩚈𩜌𪘳
yue2,1,块
yue3,3,哕噦𢯵
yue4,142,㜧㜰㬦㰛㹊䆕䆢䋐䋤䖃䟑䟠䠯䡇䢁䢲䤦䥃䶳乐刖哾囝妜嬳岄岳嶽恱悅悦戉抈捳擽月枂栎樂樾櫟汋瀹焆爍爚玥矆礿禴篗籆籥籰粤粵臒蘥蚎蚏蜕蠖説说越趯跀跃躍躒軏鈅鉞鋭鑠鑰钥钺閱閲阅髺鸑鸙黦龠𠔠𠨲𠩉𠪶𠯲𠾲𠿋𡆦𡆽𡛟𢦰𣌗𣎱𣐋𣤰𣦏𣨡𣻮𤑓𤓝𥆟𥩡𥸘𦋩𦘹𦣜𦤕𧀲𧅚𧇓𧕋𧤯𧤽𧯡𧹊𨁑𨈋𨊸𨒋𨙄𨳕𨵃𨷲𨸀𨸎𨿁𩁯𩎙𩓥𩱪𩱲𩿠𪁑𪒥𫐄𬸚
yun1,26,㚃奫晕暈氲氳涒煴煾瘟缊蒀蒕蜵蝹贇赟輼頵馧𠚓𥠺𨍆𨷐𩁴𫖳
yun2,52,㛣㜏䉙䢵云伝勻匀员員囩妘尹愪昀橒氲沄涢溳澐熉畇眃秐筍筠筼篔紜縜纭耘耺芸荺蒷蕓郧鄖鋆雲𠣐𡖒𣖆𤈶𥐩𥬀𧥼𧬞𧶊𨛡
yun3,42,㩈䆬䇖䞫䡝䤞䨶䪳允喗夽媪宛愠抎殒殞溳狁玧盾磒荺褞賱运鈗阭陨隕霣馻齫齳𠱳𧉃𧼐𨸮𩂿𪏔𪏚𪘩
yun4,73,㚺㞌㟦䚋䩵䲰䵴傊匀员員均孕尉怨恽惲愠慍晕暈枟榅温煇煴熅熨緷緼縕缊腪芸苑菀蕰蕴薀藴蘊运運郓鄆酝醖醞韗韞韫韵韻餫𠈤𡅙𡢘𡲪𡽅𣂊𣍯𤶧𤸫𦅿𦈉𧡡𧥺𩋢𩏅𩏆𩴉𪉂𪍝
yun5,2,抣繧
yu1,30,㝼㰲䆰䣿䩽于吁唹扜於汙淤渝瘀盓穻箊紆纡菸虶込迂迃陓𤕘𤥽𧈯𨖛𩂧
yu2,233,㚥㢏㤤㥚㥥㦛㪀㬂㬰㳛㶛㷒㺄㺞㺮㻀㼶䁩䂛䃋䄏䄨䍂䏸䐳䓊䔡䗨䜽䞕䢓䩒䩱䬔䰻䱷䲣䴁丂与乻予于亏亐伃余俞兪吳吾喁喻圩堣堬妤娛娪娯娱媀媮嬩崳嵎嵛庾悇愉愚扵捓揄於旕旟杅桙楡楰榆欤歈歟歶毹氀汙渔渝湡漁澞牏狳玗玙瑜璵畬畭盂睮硢禺窬窳竽籅緰羭腧腴臾舁舆與艅芋茰萮萸蕍藇蘛虞蜍蝓螸衙衧褕覦觎諛謣谀貗踰輿逾邘郚酑釪鋙鍝隃隅雓雩顒餘馀騟骬髃魚魣鮽鯲鰅鱮鱼鷠鸆齵𠎳𠧇𠸹𡁎𡂊𡑾𢊧𢋅𢎻𢔢𢹏𢾄𣄊𣝑𣟰𣢒𤚎𤜹𤧙𥔢𥝨𥯮𥷔𦈣𦋯𦏻𦦫𦩞𦱃𧃠𧊠𧍪𧐄𧙶𧞏𧰇𧼯𧾚𨊱𨜖𨨶𨰸𨵦𨶢𨾌𩟳𩡃𩢶𩤺𩥭𩦡𩦢𩨈𩨗𩨙𩵎𩺰𪃍𪃎𪇝𪉐𪊻𪑝
yu3,99,㑨㒁㒜㔱㙑㝢㠘㡰㢏㣃㥚㦛㲾㺄㼌䣁䥏䨞与予伃伛俁俣偊傴匬噢噳圄圉嫗宇寙屿峿嶼庾愉懙挧敔斔斞栩梧楀瑀瘐祤禹穥穻窳羽臾與芋萭萮藇蘌蝺語语貐鄅鋙铻雨頨麌齬龉𠋟𠱐𡷎𡻢𢮁𣢦𣨝𤗃𤹪𥒾𥛩𦀡𦥉𦦲𦭳𦳅𧱬𨝈𨵉𩃯𩩑𩩘𩵎𪂕𪋬
yu4,329,㚜㠨㤢㥔㦽㧒㳼㵄㽣䁌䂊䈅䉛䋖䋭䍞䖇䘘䘱䘻䛕䜡䞝䢖䢩䤋䨒䨞䫻䬑䮇䮙䰥䴁䵥䵫与余俼僪儥兪吁唷喅喐喩喻噊噢圫域堉奥妪媀嫗宛寓尉峪崛嶎庽彧御忬悆惌惐愈慾懊或戫拗捥敔昙昱栯棛棜棫櫲欎欝欥欲毓汩浴淢淯滪潏澦澳灪灹焴煜煨熨燏燠爩狱獄獝玉王琙琟痏瘉瘐癒矞砡硲礇礖礜禦禺秗稢稶穥篽籞籲粥緎繘罭聿肀育與舒艈芋芌苑茟菀菸萮蒮蓣蓹蔚蕷薁藇蜟蜮蟈衘衙袬裕誉語諭譽语谕谷豫貍軉輍輿轝逳遇遹郁醧鈺銉鋊錥鐍鐭钰閼閾阈隩雨雩霱預预飫饇饫馭驈驭鬰鬱鬻魊鱊鳿鴥鴧鴪鵒鷸鸒鹆鹬龥𠀛𠊏𠏚𠕦𠫣𠱙𠴫𠽵𡇺𡈨𡋬𡒃𡒊𡔴𡨣𡨿𡫽𡬊𡬞𡿥𡿯𢌻𢒰𢔥𢔬𢔴𢖡𢛨𢡎𢯮𢺴𣋉𣍛𣕃𣝑𣡉𣣎𣩺𤀝𤞞𤳕𤸒𥄵𥆉𥉑𥎐𥘄𥙿𥝍𥷞𥸤𥸪𥹔𥺞𦈸𦋢𦎘𦏜𦏻𦐛𦒑𦡭𦦩𦦲𦱀𦱂𧉣𧐄𧑐𧗪𧗱𧫊𧯱𧶠𧼫𧿷𨄯𨉗𨗝𨞓𨩬𨪎𨮔𩈕𩊇𩋉𩋤𩎹𩏟𩏴𩘤𩘳𩘻𩚄𩛪𩛭𩝗𩟑𩰪𩱌𩱱𩲾𪁀𪂉𪂵𪋉𪋮𪑆𪑌𪓊
yu5,1,澚
za1,36,㞉㦫䆘匝咂啑嘁噈帀扎拶沞灒紥紮臜臢迊鉔魳𠛱𠯗𠽷𣗁𣤶𣤷𣤺𦠛𦾬𧄽𧌃𨠿𨤃𩞶𩯳𩵢
za2,38,䕹䞙䣠䨿䪞偺咱啈啐喒囋囐杂沯砸磼籴襍雑雜雥韴𠱥𠶿𡁕𢶍𢹼𢽜𣴖𣸐𤄔𤄖𤠀𥷩𧬩𧾁𩇺𪚇
za3,4,咋咱囃𠷿
za4,1,喒
zai1,22,哉才栽渽溨災灾烖甾睵菑賳載𡿧𢎋𢦏𢦒𣔮𤆄𦞁𦳦
zai3,15,㱰䏁䔂䣬䮨仔宰崽載载𠎶𣅃𣪮𤌊𤝖
zai4,20,䵧傤儎再在扗栽洅縡載载酨𡉄𤞳𧯥𨀬𨙴𨚵𩛥𩛳
zan1,15,䍼䐶兂撍篸簪簮糌臢鐕鐟𡡖𥮾𥳋𥸢
zan2,3,偺咱喒
zan3,24,㭮㳫䭕儧儹喒噆寁拶揝撍攅攒攢昝桚簪趱趲𢄤𣤶𣸄𨖋𨘄
zan4,46,㔆㜺㟛㣅㨻䟅䬤兓囋攢暂暫涔淺湔濺濽灒瓉瓒瓚禶穳襸讃讚賛贊赞蹔鄼酂酇錾鏨鏩饡𠼗𥎑𥜙𥳋𧄽𨙏𩛻𩯒𩯳
zan5,3,偺咱喒
zang1,25,㮜匨戕牂牫羘脏臧蔵藏賍賘贓贜赃髒𡁧𡅆𢈜𢍿𣻟𤃼𤛻𦟃𪓅
zang3,4,駔驡驵髒
zang4,15,㘸塟奘弉脏臓臟臧葬藏銺𢍈𤞛𧕨𨌄
zao1,19,㡟㯥㯾㷮䜊傮槽糟蹧遭醩𡐋𣍖𣩒𥀛𦵩𨠷𨤇𪙡
zao2,3,䥣凿鑿
zao3,25,䖣䗢䲃早枣栆棗澡璅璪繅繰薻藻蚤𠙬𢄀𢑖𤞋𤩨𧈹𧎮𨎮𨐉𨚰
zao4,36,䜊唕唣喿噪慥梍灶煰燥皁皂窖竃竈簉艁草謲譟趮躁造鑿𠴵𡌣𡨗𢲵𢵥𣴢𤍜𤟀𥖨𦯑𧻰𨒽
ze2,91,㖽㚖㟙㣱㤞㥽㳻㺓䇥䔼䕉䕪䯔䰹䶡䶦则則咋唶啧嘖嫧帻幘択择措擇柞樍歵沢泎泽溭澤灂皟睪瞔矠礋笮箦簀耫舴葃蔶蘀蠌襗諎謫謮責賾责赜迮飵鰂鸅齚齰𠟻𠷌𡸦𢍰𣛸𣤈𣼦𣽎𣿐𤖓𤢟𤾀𥍱𥎍𥼃𦔈𦟜𧶷𨕠𨖊𩂖𩄾𩌪𩔳𪌟
ze4,26,㳁䟄仄侧側夨崱庂廁捑昃昗汄稄稷𠨻𡵗𡸈𡹨𢧠𢮚𢯩𣆽𣬿𥟔𩾸
ze5,1,伬
zei2,12,戝蠈賊贼鯽鰂鱡鲗𢨗𦽒𧒿𨆎
zen1,2,㻸撍
zen3,1,怎
zen4,5,䫈僭譖譛谮
zen5,1,囎
zeng1,24,䎖増增憎曾橧熷璔矰磳縡繒缯罾譄鄫鱛𡡑𡾽𤎯𦀓𦼏𧢐𨲯
zeng3,2,㽪鬷
zeng4,15,䙢䰝䵴增甑綜繒综缯贈赠鋥锃𪒟𪙭
zha1,55,㗬㦋㪥㾴䐒䵙䶥偧劄吒咋哳喳囃奓扎抯挓揸摣柤查査楂樝渣溠潳皶皻紥紮蔖藸觰謯譇蹅齄齇齟𠭯𠯩𠽣𢄄𤹡𥡧𥹁𦟰𦳏𧩫𧬅𩮎𪗭𪗵
zha2,65,㔍㱜㳐㴙䈟䥷䮜䮢偞剳劄喋扎拃擖札渫炸煠牐甴箑箚耫蚻譗軋轧鍘铡閘闸霅鞢鰈𠍹𠓣𠝚𠝝𠢙𠢡𠰏𡎫𡟢𢧖𢧻𣟦𣧖𣽛𤁳𤡨𤵦𦝥𧄠𧉫𧶇𧼰𧼶𧽅𩃡𩃹𩥠𩩥𩳶𩿤
zha3,43,㒀㞚㡸㴙㷢䀹䃎䋾䕢䙄䛽䱹䵙厏扎扠拃插搩眨砟苲苴觰諎謯踷鮓鮺鲊鲝𤈩𥀈𥀉𥰭𦂉𦑯𧨿𨂵𨅓𩃹𩻢𩼫
zha4,55,㡸䃎䄍䆛䋏䖳䟻乍册吒咋咤哆喥奓宱怍拃搾柞柵栅榨溠灹炸痄砟笮膪苲蚱蜡詐诈醡霅鮓齰𡗸𢕮𣛽𣹧𤰦𥝾𥬰𧧻𧨊𧿌𨋘𨡗𨢦𩬟𩶱𩽽
zha5,1,喳
zhai1,35,㒀䔝亝侧側啇嚌夈捚摘擿斋斎榸牴粂齊齋𠞶𠫸𠵠𠷒𡅓𢋿𢴨𤞮𤻦𨅪𩝿𩱳𪗒𪗓𪘇𪘨𪚎
zhai2,12,㡯厇宅度择擇檡翟𦑱𩏪𩏽𪀥
zhai3,11,䍉厏抧窄鉙𠏰𤢒𥞅𧲻𧻍𩬫
zhai4,26,㩟㾹䐱债債寨柴疵瘵砦祭簀膪責駘骴𠑞𡍥𢯌𣩭𤞮𥍪𥰾𦤧𨝋𪑽
zhan1,78,㣶㮵䦓䩇䬤䱳䶨亶占噡嶦怗惉旃旜枬栴毡氈氊沾澶瞻站粘薝蛅襢覱詀詹譫谵趈邅閚霑飦餰饘驙魙鱣鳣鳽鸇鹯點𠌲𠟧𡅹𡕁𡭞𢧗𣢤𣮿𤘇𥙡𥮒𥶕𦧚𦪣𧋱𧒝𧮪𧽆𧾍𨊈𩉗𩔣𩛻𩼼𪃋𪆲𪉜𪏉𪡏𫗴
zhan2,1,讝
zhan3,62,㔊㜊㞡㟻㠭䁪䁴䆄䎒䟋䡀䩅䩆䱼儃嫸展崭嶃嶄拃搌撣斩斬棧榐橏湔琖皽盏盞蹍輾辗醆颭飐黵𠟉𡽻𢅺𢵈𣀁𣛷𥇢𥴐𥿜𦈻𦗢𧎰𧔡𧖉𧬆𧲮𨣁𨣚𨫀𨭖𨺿𩕊
zhan4,76,㟞㺘㻵䋎䏼䗃䘺䡀䧯䪌䱠䳻佔偡占單孱嵁嶘战戦戰斬栈桟棧椾欃湛碊站綻绽菚蘸虥虦袒襢覱詀謙譧跕躔輚轏邅醮顫颤驏驙𡁳𡓦𢈽𢤚𣳤𤖆𤜇𧀡𧂁𧙭𧝑𧮺𧸪𧾍𨇩𨼈𨼮𩆯𩥇𩨍𩰃𪗦𪘪
zhang1,39,䛫䩨傽嫜张弡張彰慞暲樟漲漳獐璋章粻蔁蟑遧鄣障餦騿鱆麞𡈠𢕎𢕔𢷢𣌞𤍤𥇔𧐊𧽣𨄰𩌬𪅂𫗠
zhang3,18,仉幥掌涨漲礃長长鞝𠫝𡑄𢩰𣾦𤓯𤕄𥳶𦺡𩭫
zhang4,33,㙊㙣㽴丈仗墇嶂帐帳幛張扙杖涨涱漲痮瘬瘴瞕章粀胀脹賬账鄣長障𠅹𡚹𢕔𢪾
zhang5,1,鏱
zhao1,38,䜈䞴佋啁嘲妱巶招昭晁朝炤皽盄着窼著詔釗釽鉊鍣钊駋鳭鼂𡖎𢗈𣋍𤍒𤑗𤿘𥏨𥷮𦗔𦺓𨱻𬬿
zhao2,2,着著
zhao3,15,㕚䈃䝖找沼炤爪爫瑵菬蚤𠕖𢁬𦬔𧳻
zhao4,60,㑿㡽㨄㷖㷹㹿䃍䈇䍜䍮䑲䰫佻兆召啅垗旐昭曌枛桃棹櫂淖濯炤照燳狣瞾笊箌罩羄肁肇肈詔诏赵趙鮡𠕭𠟅𠠄𠻥𡱜𢡰𣊧𣠜𤙔𥢔𥵤𦹫𧳝𨹸𩘀𩙩𬶐
zhao5,1,罀
zhe1,11,㸙嗻嫬庶折蜇謶遮𠌮𡂭𨰵
zhe2,128,㙷㞏㡇㢎㪿㭙㭯㯙㯰㰅㸞䁋䁤䇽䊞䎲䐑䐲䓆䖳䜆䝃䝕䮰乇仛厇哲啠喆嘀嚞囁埑悊慴慹扸折摺攝晢晣杔棏樀歽矺砓磔籷粍耷聑聶虴蛰蜇蟄袩襵詟謫謺讁讋谪軼輒輙轍辄辙適銸陬馲鮿鷙𠚱𠝚𠝝𠞃𠯓𠽻𠾀𡇠𡘭𡜯𡝊𢟯𢢍𢫰𢬴𣙵𣠞𣻩𤜤𤟍𤮱𥏯𥐽𥕣𥛧𥤋𥧮𦅄𦔮𦗑𦗗𦞥𦠣𦣀𦬃𧎴𧑧𧤠𧲢𨅊𨐃𨵊𩊵𩐶𩢐𩣩𪁊𪐏𪚥
zhe3,12,乽啫堵禇者褚褶襵赭鍺锗𩤜
zhe4,27,㝂䂞䏳䗪䠦䩾䵭嗻斥柘樜浙淛潪蔗蟅这這鷓鹧𣇧𣶋𥑡𥭙𦠟𦠠𦯍
zhe5,4,嗻着著𡄡
zhei4,2,这這
zhen1,90,㖘㘰㲀䂦䃌䈯侦侲偵唇坫嫃寊帪振揕搸斟枮栕桢桭椹楨榛槇樼殝浈湞溱滇潧澵獉珍珎瑧甄眞真砧碪祯禎禛稹箴籈胗臻葴蒖蓁薽貞贞趁轃遉酙針鉁錱鍖鍼鎮针靕鱵鼎𠛶𠸸𡇑𡇖𡈿𡻈𣓀𣘘𣦵𣿎𤚨𥪘𦳳𦸮𧮬𨱅𩇜𪇳𪉕
zhen2,1,𠵧
zhen3,65,㐱㪛㱽䂦䂧䑐䠴䡩䪴䪾䫬姫嫃屒弫戡抮振昣枕槇沴畛疹眕稹竧紾縝縥缜聄胗萙袗裖診诊趁軫轸辴駗鬒黰𠘱𠠹𠬓𢏈𣓀𣬻𣱽𤷌𥅘𥌃𥖘𥿜𦁟𧠝𧤛𨏤𩒀𩒈𩬖𪑳
zhen4,72,㓄㣀㮳㯢㴨㼉䀕䊶䏖䝩䟴䨯䫃䲴䳲侲唇圳塦填慎挋振揕敶朕栚桭榐瑱甄甽眹紖絼纼蜄誫謓賑赈酖鈂鉁鋴鎭鎮镇阵陣陳震鮝鴆鸩黮黱𣃵𣏖𣒅𥤤𨌑𨳌𨸬𩄛𩊡𩊨𩑘𩒪𩾺𪁧𪐲
zheng1,98,㬹䆸䇰䋊䋫䍵䟓䱢丁丞争佂偵凧埥埩姃媜峥崝崢嶒征徰徴徵怔挣掙揁政朾正炡烝爭狰猙症癥眐睁睜禎筝箏篜糽綪聇脀蒸諍诤貞趟踭鉦錚钲铮鬇鮏鯖鲭𠑅𠲜𡈼𡪺𢁿𢓞𢮐𢹑𢾧𤪡𦓺𦙫𦚦𦜎𦡅𦱊𧗆𧗲𧘿𧪣𧯫𨌢𨛰𨜓𨟃𨢹𨺟𩗲𩗵𩘼𩘽𩚫𩺄
zheng3,18,䡕丞愸承抍拯掟撜整晸氶糽𠏫𤸲𤿆𨀧𨋬𩗵
zheng4,53,㡠㡧㱏㽀䂻䈣䛫䥌䥭䦛䦶倀塣奠帧幀徎怔憕承挣政敞正氶浧爭町症瞠脀証諍證证趟郑鄭铮鴊𠔻𢌦𢏰𢹑𥊼𥒛𧶄𨚣𨧭𩏠𪎻
zhi1,113,㩼㯄㲍㴯㸟㽻䃽䓋䓜䓡䛊䝷䞠䟡䣽䧴䵹之倁卮只吱呮坧媞巵戠指掷搘擲支智枝枳栀栺梔椥榰氏氐汁汥泜疷知祇祗祬禔秓秖秪稙綕織织肢胑胝脂臸芝菭蘵蜘衹衼跂躓隻馶鳷鴲鼅𠦧𠰅𢎈𤵋𤽁𥃫𥇭𥘡𥙆𥝑𥝮𥻬𥾣𦏤𦝔𦭜𦯫𦴀𧌔𧐉𧱒𧹛𧽦𨈙𨌌𨕕𨙸𨜎𨟾𨢮𩍲𩍵𩙾𪂅𪉆𪒊𫛛
zhi2,85,㙷㜼㥀㨁䐈䟈䵂侄値值嗭埴執墌妷姪嬂慹戠执拓指摕摭植樀樴殖淔漐犆瓡直禃秇絷縶聀职職膱臷蟙贄跖踯蹠蹢躑軄酈釞鉄馽𡁉𡂣𡈊𡌴𡏀𡖻𡰹𡸜𢃜𢦕𣖭𣖿𣳀𣽚𤃲𥏅𥮖𦳮𧀿𧃐𧏸𧓸𧾂𨂂𨤱𨼓𩅀𩯈𪐏𪗨𪙹
zhi3,102,㕄㡳㡶㧗㫑㮹㲛䅩䇛䌤䛗䤠䳅凪劧厎只咫址坁夂帋徵怾恉扺抧抵指旨杫枳栺止汦沚洔淽疻砋砥祁祇祉积筫紙絺纸耆脂芷茋茝藢蚔衹襧觝訨趾軹轵酯阯黹𠮡𠼠𡈼𡙑𡱔𢇨𢛍𢰙𢷸𢽃𢽗𢾫𣔐𣖌𣚠𣲵𤶓𤸓𥒗𥔊𦐖𦰘𧊙𧛢𧜚𧝉𧠴𧩼𧸅𧸕𨎌𨬚𨰛𨵂𩬺𪑜
zhi4,323,㗌㗧㘉㛿㜱㝂㣥㨁㨖㲳㴛㿃䄺䆈䇧䇽䉅䉜䎺䏄䏯䐭䑇䓌䕌䖨䘣䘭䚦䚳䝰䝷䞃䡹䥍䦯䧝䩢䬹䭁䱃䱥䲀䳅之乿伎俧偫傂儨制剬劕厔咥嚔坁垁埃墆娡寘實峙崻帙帜幟庢庤廌彘徏徝志忮恃憄懥懫扻挃挚捗掷搱摨摯擲擳擿支斦旘昵晊晢智杝柣栉桎梽楖樲櫍櫛歭治泜洷滍滞滯潌潪瀄炙熫狾猘璏瓆畤疐痔痣瘈眰知礩示祑秩秲秷稙稚稺穉窒筫紩緻織置翐胵膣至致芖薙虒蛭螲袟袠製覟觗觯觶誌識识豑豒豸貭質贄质贽跱踬踶蹛躓軽輊轾迣遟遲郅銍銴鋕鑕铚锧阤陁陟隲雉駤騭騺驇骘鯯鳩鴙鶨鷙鸷𠊤𠊷𠋤𠍜𠓶𠘖𠚅𠟅𡀹𡂒𡍶𡏚𡑘𡖧𡠗𡠹𡮞𡽆𢄢𢄱𢅁𢊁𢍧𢐂𢕞𢖇𢖿𢙺𢚨𢡒𢧤𢯶𢴠𢴧𢴨𢻙𣗻𣥰𣨋𣱐𤆒𤓕𤖞𤛱𤞂𤞌𤦄𤦮𤧜𤴛𤴟𤴢𤿙𥇕𥍭𥎹𥏄𥏊𥏰𥏷𥒓𥠈𥠽𥣮𥭡𥴒𥹩𥿮𦃘𦛧𦜋𦟔𦤻𦥎𦥏𦥐𦭮𦯯𧙁𧠫𧣭𧣾𧤡𧨰𧫡𧸲𧼴𨁷𨃯𨆧𨎉𨑨𨒉𨖋𨖹𨟊𨡐𨧵𨫔𨻆𨿛𩊝𩊴𩋩𩧄𩷓𩹈𩻼𪁊𪁓𪁩𪏀𪗻𬃊
zhi5,1,徔
zhong1,64,㲁㳊㹣䇗䈺䝦中伀刣夂妐幒彸徸忠忪柊橦汷泈潼炂盅童籦終终舂舯蔠蚣蝩螤螽衆衳衷蹱鈆鈡銿鍾鐘钟锺鴤鼨𠛀𡖌𢁷𢃭𢨱𣷡𤝅𤯚𥗦𥷈𦉂𦬕𧆼𧑆𨳗𩅞𩅧
zhong3,22,㣫冢喠塚塜尰徸歱煄瘇种種穜肿腫董踵𠊥𡰒𡻑𣹞𤺄
zhong4,43,㐺㲴㼿䱰中乑仲众偅堹妕媑狆眾祌种種穜筗緟茽蚛蟲衆衶衷褈諥踵重𠱧𡥿𢝆𣱧𤚏𥻝𦌋𦔉𧬤𧳮𨉢𩾋𩿀
zhou1,79,㗙㨄䎇䑼䓟䧓侏侜倜僽周啁喌嚋婤州徟掫洀洲淍炿烐珘皺盩矪粥縐翢舟調諏謅譸诌诪賙赒輈輖辀週郮銂霌駲騆鬻鵃鸼𠚴𠣘𠤍𠱙𡀑𢏝𢐫𢽧𥌆𥑸𥺝𥺞𥼫𥿦𦩈𦭴𧇟𧣷𧧔𧻖𨉜𨏺𨦞𩌄𩢸𩧳𩶣𪆀
zhou2,9,㛩妯柚碡軸轴𡊡𥖠𥾓
zhou3,21,㫶䏔䖞帚扭晭疛睭箒肘胕舳菷鯞𢫧𣥯𤵥𦈺𦡴𧳜𨥇
zhou4,89,㑇㑳㣙㤘㥮㼙㾭㿒䈙䋓䎻䐢䛆䩜䶇伷僽冑呪咒咮啄喙噣宙扭昼晝椆注甃皱皺祝籀籒籕粙紂紬縐繇纣绉育胄荮葤薵詋詶軸轴逐酎鈾駎騶驟骤𠊣𠋢𢃸𢓟𢷗𢼲𣆔𣻱𤏲𥀙𥣙𥲝𦁖𦂈𦅸𧛸𧭍𨨯𩊄𩋰𩍌𩍧𩗪𩧨𪇞
zhu1,70,㑳㦵㧣㶆䃴䇬䐗䡤䣷之侏兪劯咮搊朝朱株楮槠橥櫧櫫洙潴瀦猪珠硃秼絑茱藷藸蛛蝫蠩袾誅諸诛诸豬跦邾銖铢駯騶鮢鯺鴸鼄𠧀𡴅𡻌𢔪𤝹𤥮𥛂𦧙𧑤𩊣𩋵𩴀𪋏𪋑𪏿
zhu2,68,䆝䌵䕽䘚䟉䠱䥮䮱噣孎敱斀斸曯朮术欘泏灟炢烛燭爥瘃磩窋竹竺笁笜筑築篴舳茁茿蓫薥蚰蠋蠾躅軸逐逫钃鱁鸀𠮌𠷅𡎺𡧨𢲿𣤁𣵸𣽆𥞏𥾅𦬸𧏿𨞕𨲈𩞈𩲠𩲬𩳥𩶄
zhu3,44,㔉㵭䘢䰞丶主劚嘱囑宔属屬拄斗斸枓柱渚濐煑煮瞩矚砫罜褚詝陼麈𠰍𡺐𢁼𣀻𣔯𤆼𤲑𥋛𦅷𦉐𧉞𩒊𩨻𪋰𬣞
zhu4,123,㑏㝉㤖㫂㹥㺛㾻㿾䇠䇡䍆䎷䐢䘄䝒䝬䪒䬡䭖䳠主予伫佇住助咮嗻坾墸壴宁尌嵀庶杼柠柱柷樦櫡殶泞注澍炷疰眝砫祝祩竚筑筯箸築篫紵紸纻羜翥芧苎苧莇著蛀註貯贮跓跙軴迬逗鉏鉒鋳鑄铸阻除霔飳馵駐驻麆𠩈𠰍𠴦𠴫𡤗𡱱𡸌𡻠𢚻𢥃𢩄𣥼𤋰𤎧𤕞𤳯𤾄𥩣𥯸𥵟𥹍𦅷𦙴𧈚𧵤𨆄𨈫𨙔𨥇𨭅𩣷𩶂𪊹𪚹
zhua1,10,抓挝摣撾檛簻膼髽𥬲𥮣
zhua3,4,爪𠆣𡎬𣑃
zhuai1,1,拽
zhuai3,3,跩轉转
zhuai4,5,尵拽睉顡𢶀
zhuan1,34,㼷䏝专剸叀塼嫥専專恮摶湍漙瑼甎砖磗磚篿耑膞蟤諯鄟顓颛鱄𡭇𡰞𢂘𢞬𤮳𥫛
zhuan2,1,
zhuan3,15,䡱孨竱膞転轉转𡇰𡤛𣕏𦄯𦓝𦝏𨷱𩧜
zhuan4,54,㛯䉵䏙䧘传傳僎僝剸啭囀堟巽摶撰沌灷瑑篆篹簨籑縳腞蒃襈譔賺赚轉转饌馔𠊩𠨎𡢀𡩚𢐎𣂵𣚢𤂤𤩄𤪪𥛥𦁆𦠆𦧸𧂍𧶲𧸖𩔊𩳏𩻝𬤥
zhuang1,23,壯妆妝娤庄庒桩梉樁湷粧糚荘莊装裝𣞝𣻛𦚏𩮱𪁈𪄻𪅖
zhuang3,2,奘𢙳
zhuang4,30,䚒僮壮壯壵幢憧戆戇撞漴焋状狀獞艟贛𠌴𢤤𢦅𣴣𣶍𤕯𤘲𤶜𦀜𩅃𩯲𪁈𪉉
zhui1,22,㗓㚝㮅䧳䨨䳡䶆揣椎箠萑追錐锥隹騅骓鵻𣨫𨾻𩪀𪋇
zhui3,3,沝𡯑𩬳
zhui4,53,㩾㾽䄌䢡倕坠垂墜娷惴桘槌甀畷硾磓礈笍綴縋缀缒腏膇致諈贅赘轛醀醊錗錣鎚鑆隊隧餟𠄌𡑻𢊅𣝸𣦬𤺅𥟒𦥻𧿲𨒉𨧨𨪗𨺵𩛵𩜀
zhun1,20,㡒䐃啍圫宒屯忳淳盹窀純肫胗衠訰諄谆踆迍𥇜
zhun3,10,准凖埻敦淳準稕純綧𬘯
zhun4,7,旽甽稕綧訰飩𥚠
zhuo1,35,㑁㓸䂐䖦䦃䪼䫎䮓倬卓拙捉掇桌棁棳棹槕涿淖炪焯穛穱肫蝃蠿踔𠭴𣄻𥞺𥼚𧱒𧱰
zhuo2,148,㒂㣿㧻㪬㭬㹿㺟䃗䅵䆯䐁䓬䕴䟾䮕䵠䵵䶂丵剢劅勺卓叕啄啅啜噣圴墌妰娺彴捔撯擆擢斀斫斮斱斲斵晫杓梲椓櫡汋浊浞涿準濁濯灂灼烵焯燋犳狵琢琸着矠硺禚窡箸篧籗籱繳缴罬聉茁著蓔蕞藋蠗諁諑謶诼趠趵蹠躅酌鉵鋜鐯鐲镯鵫鷟𠡑𠿡𡷿𢁁𢢗𢧈𢳇𢺡𢽚𣃈𣃑𤃮𤉐𤏸𥇍𥋮𥐊𥗁𥢔𥮥𥯩𥷘𥷮𦜰𦰹𦳡𧂒𧃔𧘑𧞐𧢼𧨳𧰵𨁿𨑽𨖮𨡸𨢬𨧧𨮿𨺝𩆸𩋁𩑂𩩔𩲃𩷹𬸦
zhuo4,3,㧳䞵𤓦
zhuo5,1,窧
zi1,127,㠿㬐㰣㽧㿳䅔䆅䎩䖪䣎䰵乲仔兹吱呲咨嗞姕姿孖孜孳孶崰嵫栥椔次淄湽滋澬玆璾甾疵禌秶稵粢紎純緇缁芓茊茲菑葘薋觜訾諮谘貲資赀资赼趑趦載輜輺辎鄑鈭錙鍿鎡锱镃頾頿髭鯔鰦鲻鶅鼒齊齍齜龇𠀢𡗈𡙛𡸟𢆶𢱆𣚀𣚁𣣊𣥨𣯃𣳩𤲸𥀖𥕁𥚉𥻍𥼩𥼻𦖺𦺱𧀗𧕓𧙁𧛏𧣤𧥕𧹌𧿞𨀥𨍢𨚖𨝳𨩲𩄚𩜊𪅵𪑿𪕊𪗉𪗋𪗐
zi2,2,䁒蓻
zi3,53,㜽㞨㧗㺭㾅䔂䘣䦻仔吇呰啙姉姊子杍梓榟橴沝泚滓矷秄秭笫籽紫耔胏芓茈虸訾訿跐釨鋅𠂔𠡸𡉗𡥎𡪒𣖨𣸆𥞎𥫞𥬳𥲕𦞤𧆰𨹀𩐍
zi4,42,㧘㰷㱴䅆䐉事倳剚姿字恣柴洓渍漬牸眥眦秄穧胔胾自芓茡荢菑資輜𡸪𢼱𣄮𣓊𣣌𥿩𦍺𦎸𦣹𧂐𧧕𧨴𨧫
zi5,1,子
zong1,71,㙡㚇㣭㨑㯶䁓䈦䑸䖲䗥䢨倧堫宗嵏嵕嵸從惾朡枞棕椶樅潨熧猣磫稯綜緃緵總综翪腙艐葼蝬豵踨踪蹤鍐鑁騌騣骔鬃鬉鬷鯮鯼𠕌𠵻𡕰𡞧𣯨𤡆𥍺𥓻𥚾𦡙𧺣𨌰𨺡𩦲𩭤𩮀𩰽𪖁
zong3,33,㢔㷓㹅䁓䙕䡯䰌偬傯從总惣愡捴揔搃摠熜燪稯総縂縱總蓗蓯鏓𥠡𨍈𨍉𨎢𩭤𩮀
zong4,25,䍟䝋倊從昮猔疭瘲碂粽糉糭綜緵縦縱纵錝𠏭𠡻𣀒𤡆𦖸𩋯𩤗
zong5,1,潈
zou1,34,㻓䅳偢掫棷棸箃緅芻菆諏诹趣邹郰鄒鄹陬騶驺鯫鲰黀齱齺𠂑𣙻𣠏𥋜𥶈𨃘𨜗𨝮𨽁
zou3,6,搊走赱鯐𧌗𨑿
zou4,12,㔌㔿㵵䠫奏媰揍族楱𨂡𩼦𪃆
zu1,13,姐怚柤砠租苴菹葅蒩趲鉏錊𪙳
zu2,70,㞺㧻㩆㰵㲞㵀䃚䅸䙘䚝䯿䱣倅傶卆卒哫啐嘁崒崪族槭淬稡箤綷足踤踿蹴鉃鉐鎐鏃鑿镞顇𠻏𡻬𢅪𢫵𢳇𢳈𣢰𣤶𣨛𤬧𤽱𥞯𥣆𥼀𦑋𧎲𧐈𧑙𧗎𧞰𧺒𨃭𨄕𨧰𨨳𨩰𩐡𩥿𩩠𩺯𪋍𪘧
zu3,26,䔃䖕俎唨岨柤沮爼珇祖組组詛謯诅鎺阻靻駔𢉺𣇙𤓵𤱌𥛜𥼪𨂀
zu4,6,伹駔𦵬𧇈𧇿𩲲
zuan1,14,䡽劗撮攢躜躦鑽钻𡉺𣀶𣪁𨇃𨉖𩎑
zuan3,18,㸇䂎䉵䌣䰖篹籑籫繤纂纉纘缵𦆈𦙉𨰭𩛻𩯳
zuan4,9,䤸揝攥欑賺赚鑚鑽钻
zui1,23,㭰䓱䘒䮔厜嗺堆嫢朘樶纗羧脧蟕辠𡙭𢈡𣖱𥍋𦸺𧻝𨻵𩣷
zui2,1,𦆈
zui3,22,㭰咀嗺嘴噿嶉嶊嶵槯濢璻觜𠲋𠾋𠿘𡽛𢊛𦈬𦏳𨿇𩲨𪋌
zui4,39,㝡㠑㰎䘹䯿摧撮晬最栬槜檇檌欈睟祽稡絊罪蕝蕞辠酔酨酻醉鋷錊雋𡡔𡽁𣩑𥳣𥳵𦙈𧎹𨢅𩚻𪓌
zui5,2,枠穝
zun1,21,僎墫壿奠尊嶟樽繜罇跧踆蹲遵鐏鱒鳟鶎鷷𤮐𦨆𨱔
zun2,1,蹲
zun3,7,䔿僔噂撙譐𠟃𦢐
zun4,14,拵捘捽栫瀳袸銌鱒𠱜𥊭𥞘𥢎𦪚𩯄
zuo1,7,㛗㵶作嘬𠹠𣩈𩛠
zuo2,32,㩇㸲䋏䎰䝫䞢䞰䟄作捽昨柮椊琢砟秨稓笮筰苲莋鈼𡪳𢂃𣠹𣹧𤿀𦁎𦦹𧮙𨞒𪎇
zuo3,14,㝾䦈佐左撮繓𠂇𢀡𢤎𥙀𦈛𧲭𨀨
zuo4,49,㑅㘀㘴㘸㤰㭮䔘䟭䟶乍作侳做凿唑坐岝岞座怍挫柞祚糳胙葃葄蓙袏諎迮酢醋鑿阼飵𠱯𡯨𡹥𥅁𥥏𥹁𥽿𦥬𧃘𧨀𨐳𨝨𪎲
zuo5,1,咗
